image_id,method,config_id,iou_threshold,gpu,latency_ms,input_mode,normalize,invert,diameter,flow_threshold,cellprob_threshold,min_size,true_instances,pred_instances,matched_instances,false_positives,false_negatives,precision,recall,object_f1,mean_matched_iou,mean_matched_dice,count_error,absolute_count_error
220b37f4ca7cab486d2b71cd87a46ee7411a5aa142799d96ed98015ab5ba538a,cellpose_cpsam,rgb_baseline,0.5,True,1664.857,rgb,True,False,,0.4,0.0,15,1,0,0,0,1,0.0,0.0,0.0,0.0,0.0,-1,1
7b38c9173ebe69b4c6ba7e703c0c27f39305d9b2910f46405993d2ea7a963b80,cellpose_cpsam,rgb_baseline,0.5,True,836.447,rgb,True,False,,0.4,0.0,15,1,95,0,95,1,0.0,0.0,0.0,0.0,0.0,94,94
84eeec681987753029eb83ea5f3ff7e8b5697783cdb2035f2882d40c9a3f1029,cellpose_cpsam,rgb_baseline,0.5,True,706.103,rgb,True,False,,0.4,0.0,15,1,1,0,1,1,0.0,0.0,0.0,0.0,0.0,0,0
93c5638e7e6433b5c9cc87c152bcbe28873d2f9d6a392cca0642520807542a77,cellpose_cpsam,rgb_baseline,0.5,True,672.435,rgb,True,False,,0.4,0.0,15,1,0,0,0,1,0.0,0.0,0.0,0.0,0.0,-1,1
e5aeb5b3577abbebe8982b5dd7d22c4257250ad3000661a42f38bf9248d291fd,cellpose_cpsam,rgb_baseline,0.5,True,670.749,rgb,True,False,,0.4,0.0,15,2,0,0,0,2,0.0,0.0,0.0,0.0,0.0,-2,2
d1dbc6ee7c44a7027e935d040e496793186b884a1028d0e26284a206c6f5aff0,cellpose_cpsam,rgb_baseline,0.5,True,677.034,rgb,True,False,,0.4,0.0,15,17,7,5,2,12,0.7142857142857143,0.29411764705882354,0.4166666666666667,0.8731810813462687,0.930743194282738,-10,10
0121d6759c5adb290c8e828fc882f37dfaf3663ec885c663859948c154a443ed,cellpose_cpsam,rgb_baseline,0.5,True,753.43,rgb,True,False,,0.4,0.0,15,86,57,31,26,55,0.543859649122807,0.36046511627906974,0.4335664335664336,0.7418249729406512,0.8460859276757597,-29,29
947c0d94c8213ac7aaa41c4efc95d854246550298259cf1bb489654d0e969050,cellpose_cpsam,rgb_baseline,0.5,True,727.335,rgb,True,False,,0.4,0.0,15,64,56,27,29,37,0.48214285714285715,0.421875,0.44999999999999996,0.7312625241915701,0.8396059064743159,-8,8
4e07a653352b30bb95b60ebc6c57afbc7215716224af731c51ff8d430788cd40,cellpose_cpsam,rgb_baseline,0.5,True,4192.214,rgb,True,False,,0.4,0.0,15,136,80,60,20,76,0.75,0.4411764705882353,0.5555555555555556,0.7515675699983663,0.8523986062890642,-56,56
2bf594e9d06f78b4b79d7ffb395497a0a91126b6b0d710d7a9cee21f5c3bd177,cellpose_cpsam,rgb_baseline,0.5,True,738.467,rgb,True,False,,0.4,0.0,15,23,21,11,10,12,0.5238095238095238,0.4782608695652174,0.5,0.5644176456979352,0.7199791709478308,-2,2
00071198d059ba7f5914a526d124d28e6d010c92466da21d4a04cd5413362552,cellpose_cpsam,rgb_baseline,0.5,True,703.981,rgb,True,False,,0.4,0.0,15,27,20,19,1,8,0.95,0.7037037037037037,0.8085106382978724,0.8220991233750667,0.9005869305540292,-7,7
0c6507d493bf79b2ba248c5cca3d14df8b67328b89efa5f4a32f97a06a88c92c,cellpose_cpsam,rgb_baseline,0.5,True,720.816,rgb,True,False,,0.4,0.0,15,28,25,25,0,3,1.0,0.8928571428571429,0.9433962264150945,0.932303200137025,0.9640251444085896,-3,3
1b518cd2ea84a389c267662840f3d902d0129fab27696215db2488de6d4316c5,cellpose_cpsam,rgb_baseline,0.5,True,2017.064,rgb,True,False,,0.4,0.0,15,76,82,74,8,2,0.9024390243902439,0.9736842105263158,0.9367088607594938,0.9087842320457908,0.9512311762036983,6,6
2817299fd3b88670e86a9db5651ba24333c299d1d41e5491aabfcd95aee84174,cellpose_cpsam,rgb_baseline,0.5,True,695.488,rgb,True,False,,0.4,0.0,15,16,17,16,1,0,0.9411764705882353,1.0,0.9696969696969697,0.8890317788889467,0.93884494621054,1,1
33a5b0ff232b425796ee6a9dd5b516ff9aad54ca723b4ec490bf5cd9b2e2a731,cellpose_cpsam,rgb_baseline,0.5,True,750.954,rgb,True,False,,0.4,0.0,15,23,18,17,1,6,0.9444444444444444,0.7391304347826086,0.8292682926829269,0.7966713894853751,0.8808343540075955,-5,5
4193474b2f1c72f735b13633b219d9cabdd43c21d9c2bb4dfc4809f104ba4c06,cellpose_cpsam,rgb_baseline,0.5,True,719.31,rgb,True,False,,0.4,0.0,15,12,13,11,2,1,0.8461538461538461,0.9166666666666666,0.8799999999999999,0.796225795907988,0.8844717675389944,1,1
5afcbfd0dd64392aa1e233b996d0bfb4354ee7119f30ae111c33d0fe4df11590,cellpose_cpsam,rgb_baseline,0.5,True,791.889,rgb,True,False,,0.4,0.0,15,27,25,25,0,2,1.0,0.9259259259259259,0.9615384615384615,0.9167968160784811,0.953500136567953,-2,2
66612c188d73e931e1863af2c99d2af782c32f65fd97d224abb40bbadb87263f,cellpose_cpsam,rgb_baseline,0.5,True,705.707,rgb,True,False,,0.4,0.0,15,15,13,13,0,2,1.0,0.8666666666666667,0.9285714285714286,0.9222150848093317,0.9585369926877406,-2,2
76c44d1addac92a65f1331f2d93f4e3b130bd4e538a6e5239c3ac1f4c403608a,cellpose_cpsam,rgb_baseline,0.5,True,722.285,rgb,True,False,,0.4,0.0,15,35,35,35,0,0,1.0,1.0,1.0,0.8994454966613153,0.9450399857796979,0,0
853a4c67900c411abd04467f7bc7813d3c58a5f565c8b0807e13c6e6dea21344,cellpose_cpsam,rgb_baseline,0.5,True,734.674,rgb,True,False,,0.4,0.0,15,18,17,17,0,1,1.0,0.9444444444444444,0.9714285714285714,0.8770015520501391,0.9325666038773651,-1,1
942d56861fc83e195e9c559a000bb86627d8682f8dcc2300818458e5b6850dd0,cellpose_cpsam,rgb_baseline,0.5,True,715.017,rgb,True,False,,0.4,0.0,15,51,53,50,3,1,0.9433962264150944,0.9803921568627451,0.9615384615384616,0.8241971230982713,0.9009807850336319,2,2
a1777737270c5f96c4523dff76e4097756f8f7d4c9d59bac079e31f9510deabd,cellpose_cpsam,rgb_baseline,0.5,True,779.394,rgb,True,False,,0.4,0.0,15,26,25,23,2,3,0.92,0.8846153846153846,0.9019607843137256,0.8793740072248017,0.9324851966418161,-1,1
ad473063dab4bf4f2461d9a99a9c0166d4871f156516d9e0a523484e7cf2258d,cellpose_cpsam,rgb_baseline,0.5,True,749.161,rgb,True,False,,0.4,0.0,15,84,67,62,5,22,0.9253731343283582,0.7380952380952381,0.8211920529801325,0.7618829768150382,0.8609081738508256,-17,17
b909aa8f6f4bec37c3fb6ff5a85d166162d07983506fcc57be742b0f9dbafbf7,cellpose_cpsam,rgb_baseline,0.5,True,737.831,rgb,True,False,,0.4,0.0,15,9,7,5,2,4,0.7142857142857143,0.5555555555555556,0.6250000000000001,0.8236695592986114,0.8972107648668353,-2,2
c6216cdc42f61bc345434986db42e2ef9b9741aee3210b7a808e952e319d2305,cellpose_cpsam,rgb_baseline,0.5,True,703.238,rgb,True,False,,0.4,0.0,15,32,30,28,2,4,0.9333333333333333,0.875,0.9032258064516129,0.7725850845000692,0.8692379215523454,-2,2
d7d12a2acc47a94961aeb56fd56e8a0873016af75f5dd10915de9db8af8e4f5e,cellpose_cpsam,rgb_baseline,0.5,True,753.228,rgb,True,False,,0.4,0.0,15,22,20,20,0,2,1.0,0.9090909090909091,0.9523809523809523,0.8439993087340524,0.9098292778765161,-2,2
e52960d31f8bddf85400259beb4521383f5ceface1080be3429f2f926cc9b5c2,cellpose_cpsam,rgb_baseline,0.5,True,2058.737,rgb,True,False,,0.4,0.0,15,130,133,129,4,1,0.9699248120300752,0.9923076923076923,0.9809885931558935,0.9236446103654711,0.9592265843239006,3,3
f29fd9c52e04403cd2c7d43b6fe2479292e53b2f61969d25256d2d2aca7c6a81,cellpose_cpsam,rgb_baseline,0.5,True,3306.757,rgb,True,False,,0.4,0.0,15,199,169,157,12,42,0.9289940828402367,0.7889447236180904,0.8532608695652174,0.7469638388185162,0.8518628813797368,-30,30
ff599c7301daa1f783924ac8cbe3ce7b42878f15a39c2d19659189951f540f48,cellpose_cpsam,rgb_baseline,0.5,True,751.006,rgb,True,False,,0.4,0.0,15,24,24,24,0,0,1.0,1.0,1.0,0.9373298374250029,0.9667803785063406,0,0
220b37f4ca7cab486d2b71cd87a46ee7411a5aa142799d96ed98015ab5ba538a,cellpose_cpsam,gray_mean,0.5,True,682.903,gray_mean,True,False,,0.4,0.0,15,1,1,1,0,0,1.0,1.0,1.0,0.7796610169491526,0.8761904761904762,0,0
7b38c9173ebe69b4c6ba7e703c0c27f39305d9b2910f46405993d2ea7a963b80,cellpose_cpsam,gray_mean,0.5,True,766.894,gray_mean,True,False,,0.4,0.0,15,1,98,0,98,1,0.0,0.0,0.0,0.0,0.0,97,97
84eeec681987753029eb83ea5f3ff7e8b5697783cdb2035f2882d40c9a3f1029,cellpose_cpsam,gray_mean,0.5,True,690.297,gray_mean,True,False,,0.4,0.0,15,1,1,0,1,1,0.0,0.0,0.0,0.0,0.0,0,0
93c5638e7e6433b5c9cc87c152bcbe28873d2f9d6a392cca0642520807542a77,cellpose_cpsam,gray_mean,0.5,True,664.523,gray_mean,True,False,,0.4,0.0,15,1,1,1,0,0,1.0,1.0,1.0,0.5454545454545454,0.7058823529411765,0,0
e5aeb5b3577abbebe8982b5dd7d22c4257250ad3000661a42f38bf9248d291fd,cellpose_cpsam,gray_mean,0.5,True,677.86,gray_mean,True,False,,0.4,0.0,15,2,0,0,0,2,0.0,0.0,0.0,0.0,0.0,-2,2
d1dbc6ee7c44a7027e935d040e496793186b884a1028d0e26284a206c6f5aff0,cellpose_cpsam,gray_mean,0.5,True,682.389,gray_mean,True,False,,0.4,0.0,15,17,8,5,3,12,0.625,0.29411764705882354,0.4,0.8959367018222218,0.9446476243827417,-9,9
0121d6759c5adb290c8e828fc882f37dfaf3663ec885c663859948c154a443ed,cellpose_cpsam,gray_mean,0.5,True,742.824,gray_mean,True,False,,0.4,0.0,15,86,58,37,21,49,0.6379310344827587,0.43023255813953487,0.5138888888888888,0.7347048498868315,0.8404764015108855,-28,28
947c0d94c8213ac7aaa41c4efc95d854246550298259cf1bb489654d0e969050,cellpose_cpsam,gray_mean,0.5,True,720.88,gray_mean,True,False,,0.4,0.0,15,64,49,25,24,39,0.5102040816326531,0.390625,0.4424778761061947,0.7729009691507744,0.866363784654598,-15,15
4e07a653352b30bb95b60ebc6c57afbc7215716224af731c51ff8d430788cd40,cellpose_cpsam,gray_mean,0.5,True,3968.527,gray_mean,True,False,,0.4,0.0,15,136,82,63,19,73,0.7682926829268293,0.4632352941176471,0.5779816513761468,0.7489072077108208,0.8508853421939182,-54,54
2bf594e9d06f78b4b79d7ffb395497a0a91126b6b0d710d7a9cee21f5c3bd177,cellpose_cpsam,gray_mean,0.5,True,716.406,gray_mean,True,False,,0.4,0.0,15,23,21,9,12,14,0.42857142857142855,0.391304347826087,0.4090909090909091,0.5689681114021635,0.7238790702273104,-2,2
00071198d059ba7f5914a526d124d28e6d010c92466da21d4a04cd5413362552,cellpose_cpsam,gray_mean,0.5,True,702.904,gray_mean,True,False,,0.4,0.0,15,27,20,20,0,7,1.0,0.7407407407407407,0.851063829787234,0.8127344540677978,0.893917432688478,-7,7
0c6507d493bf79b2ba248c5cca3d14df8b67328b89efa5f4a32f97a06a88c92c,cellpose_cpsam,gray_mean,0.5,True,710.296,gray_mean,True,False,,0.4,0.0,15,28,25,25,0,3,1.0,0.8928571428571429,0.9433962264150945,0.933845581585983,0.9649612404856205,-3,3
1b518cd2ea84a389c267662840f3d902d0129fab27696215db2488de6d4316c5,cellpose_cpsam,gray_mean,0.5,True,2015.325,gray_mean,True,False,,0.4,0.0,15,76,83,74,9,2,0.891566265060241,0.9736842105263158,0.930817610062893,0.9061860202800921,0.9497451117257585,7,7
2817299fd3b88670e86a9db5651ba24333c299d1d41e5491aabfcd95aee84174,cellpose_cpsam,gray_mean,0.5,True,687.459,gray_mean,True,False,,0.4,0.0,15,16,17,16,1,0,0.9411764705882353,1.0,0.9696969696969697,0.8824125897411863,0.9357751425457665,1,1
33a5b0ff232b425796ee6a9dd5b516ff9aad54ca723b4ec490bf5cd9b2e2a731,cellpose_cpsam,gray_mean,0.5,True,723.777,gray_mean,True,False,,0.4,0.0,15,23,18,18,0,5,1.0,0.782608695652174,0.878048780487805,0.8246316142493537,0.8994281818816747,-5,5
4193474b2f1c72f735b13633b219d9cabdd43c21d9c2bb4dfc4809f104ba4c06,cellpose_cpsam,gray_mean,0.5,True,698.642,gray_mean,True,False,,0.4,0.0,15,12,11,11,0,1,1.0,0.9166666666666666,0.9565217391304348,0.7945523796597218,0.8837783362737234,-1,1
5afcbfd0dd64392aa1e233b996d0bfb4354ee7119f30ae111c33d0fe4df11590,cellpose_cpsam,gray_mean,0.5,True,760.475,gray_mean,True,False,,0.4,0.0,15,27,25,25,0,2,1.0,0.9259259259259259,0.9615384615384615,0.9173655477198224,0.9538463826360545,-2,2
66612c188d73e931e1863af2c99d2af782c32f65fd97d224abb40bbadb87263f,cellpose_cpsam,gray_mean,0.5,True,689.069,gray_mean,True,False,,0.4,0.0,15,15,13,13,0,2,1.0,0.8666666666666667,0.9285714285714286,0.923083778799312,0.9590916107406853,-2,2
76c44d1addac92a65f1331f2d93f4e3b130bd4e538a6e5239c3ac1f4c403608a,cellpose_cpsam,gray_mean,0.5,True,696.997,gray_mean,True,False,,0.4,0.0,15,35,35,35,0,0,1.0,1.0,1.0,0.9016794846843704,0.9463289176819066,0,0
853a4c67900c411abd04467f7bc7813d3c58a5f565c8b0807e13c6e6dea21344,cellpose_cpsam,gray_mean,0.5,True,711.352,gray_mean,True,False,,0.4,0.0,15,18,17,17,0,1,1.0,0.9444444444444444,0.9714285714285714,0.8820725598490738,0.9358239108494997,-1,1
942d56861fc83e195e9c559a000bb86627d8682f8dcc2300818458e5b6850dd0,cellpose_cpsam,gray_mean,0.5,True,719.033,gray_mean,True,False,,0.4,0.0,15,51,52,50,2,1,0.9615384615384616,0.9803921568627451,0.970873786407767,0.8252559386183814,0.901219251530391,1,1
a1777737270c5f96c4523dff76e4097756f8f7d4c9d59bac079e31f9510deabd,cellpose_cpsam,gray_mean,0.5,True,757.921,gray_mean,True,False,,0.4,0.0,15,26,26,23,3,3,0.8846153846153846,0.8846153846153846,0.8846153846153846,0.8790986479207252,0.932341188429577,0,0
ad473063dab4bf4f2461d9a99a9c0166d4871f156516d9e0a523484e7cf2258d,cellpose_cpsam,gray_mean,0.5,True,737.261,gray_mean,True,False,,0.4,0.0,15,84,71,67,4,17,0.9436619718309859,0.7976190476190477,0.8645161290322582,0.7857159271950998,0.876213789818191,-13,13
b909aa8f6f4bec37c3fb6ff5a85d166162d07983506fcc57be742b0f9dbafbf7,cellpose_cpsam,gray_mean,0.5,True,720.933,gray_mean,True,False,,0.4,0.0,15,9,8,6,2,3,0.75,0.6666666666666666,0.7058823529411765,0.7946307691331306,0.8777406537434564,-1,1
c6216cdc42f61bc345434986db42e2ef9b9741aee3210b7a808e952e319d2305,cellpose_cpsam,gray_mean,0.5,True,690.987,gray_mean,True,False,,0.4,0.0,15,32,30,28,2,4,0.9333333333333333,0.875,0.9032258064516129,0.7785826527356383,0.8732861306422992,-2,2
d7d12a2acc47a94961aeb56fd56e8a0873016af75f5dd10915de9db8af8e4f5e,cellpose_cpsam,gray_mean,0.5,True,737.387,gray_mean,True,False,,0.4,0.0,15,22,20,20,0,2,1.0,0.9090909090909091,0.9523809523809523,0.8420695694335443,0.9084229364122427,-2,2
e52960d31f8bddf85400259beb4521383f5ceface1080be3429f2f926cc9b5c2,cellpose_cpsam,gray_mean,0.5,True,1998.293,gray_mean,True,False,,0.4,0.0,15,130,133,129,4,1,0.9699248120300752,0.9923076923076923,0.9809885931558935,0.9242622851730812,0.959622499737988,3,3
f29fd9c52e04403cd2c7d43b6fe2479292e53b2f61969d25256d2d2aca7c6a81,cellpose_cpsam,gray_mean,0.5,True,3341.3,gray_mean,True,False,,0.4,0.0,15,199,168,157,11,42,0.9345238095238095,0.7889447236180904,0.8555858310626703,0.7497753162468754,0.8536799716371047,-31,31
ff599c7301daa1f783924ac8cbe3ce7b42878f15a39c2d19659189951f540f48,cellpose_cpsam,gray_mean,0.5,True,758.164,gray_mean,True,False,,0.4,0.0,15,24,24,24,0,0,1.0,1.0,1.0,0.9357950336315888,0.9658129550796968,0,0
220b37f4ca7cab486d2b71cd87a46ee7411a5aa142799d96ed98015ab5ba538a,cellpose_cpsam,gray_max,0.5,True,672.815,gray_max,True,False,,0.4,0.0,15,1,1,1,0,0,1.0,1.0,1.0,0.7796610169491526,0.8761904761904762,0,0
7b38c9173ebe69b4c6ba7e703c0c27f39305d9b2910f46405993d2ea7a963b80,cellpose_cpsam,gray_max,0.5,True,737.111,gray_max,True,False,,0.4,0.0,15,1,98,0,98,1,0.0,0.0,0.0,0.0,0.0,97,97
84eeec681987753029eb83ea5f3ff7e8b5697783cdb2035f2882d40c9a3f1029,cellpose_cpsam,gray_max,0.5,True,692.217,gray_max,True,False,,0.4,0.0,15,1,1,0,1,1,0.0,0.0,0.0,0.0,0.0,0,0
93c5638e7e6433b5c9cc87c152bcbe28873d2f9d6a392cca0642520807542a77,cellpose_cpsam,gray_max,0.5,True,661.159,gray_max,True,False,,0.4,0.0,15,1,1,1,0,0,1.0,1.0,1.0,0.5454545454545454,0.7058823529411765,0,0
e5aeb5b3577abbebe8982b5dd7d22c4257250ad3000661a42f38bf9248d291fd,cellpose_cpsam,gray_max,0.5,True,645.17,gray_max,True,False,,0.4,0.0,15,2,0,0,0,2,0.0,0.0,0.0,0.0,0.0,-2,2
d1dbc6ee7c44a7027e935d040e496793186b884a1028d0e26284a206c6f5aff0,cellpose_cpsam,gray_max,0.5,True,670.559,gray_max,True,False,,0.4,0.0,15,17,8,5,3,12,0.625,0.29411764705882354,0.4,0.8959367018222218,0.9446476243827417,-9,9
0121d6759c5adb290c8e828fc882f37dfaf3663ec885c663859948c154a443ed,cellpose_cpsam,gray_max,0.5,True,719.074,gray_max,True,False,,0.4,0.0,15,86,37,27,10,59,0.7297297297297297,0.313953488372093,0.43902439024390244,0.7211893038955144,0.8326615187437884,-49,49
947c0d94c8213ac7aaa41c4efc95d854246550298259cf1bb489654d0e969050,cellpose_cpsam,gray_max,0.5,True,724.245,gray_max,True,False,,0.4,0.0,15,64,39,17,22,47,0.4358974358974359,0.265625,0.3300970873786408,0.8002866033497213,0.8872297178628751,-25,25
4e07a653352b30bb95b60ebc6c57afbc7215716224af731c51ff8d430788cd40,cellpose_cpsam,gray_max,0.5,True,3907.898,gray_max,True,False,,0.4,0.0,15,136,82,63,19,73,0.7682926829268293,0.4632352941176471,0.5779816513761468,0.7489072077108208,0.8508853421939182,-54,54
2bf594e9d06f78b4b79d7ffb395497a0a91126b6b0d710d7a9cee21f5c3bd177,cellpose_cpsam,gray_max,0.5,True,712.051,gray_max,True,False,,0.4,0.0,15,23,21,9,12,14,0.42857142857142855,0.391304347826087,0.4090909090909091,0.5689681114021635,0.7238790702273104,-2,2
00071198d059ba7f5914a526d124d28e6d010c92466da21d4a04cd5413362552,cellpose_cpsam,gray_max,0.5,True,727.926,gray_max,True,False,,0.4,0.0,15,27,20,20,0,7,1.0,0.7407407407407407,0.851063829787234,0.8127344540677978,0.893917432688478,-7,7
0c6507d493bf79b2ba248c5cca3d14df8b67328b89efa5f4a32f97a06a88c92c,cellpose_cpsam,gray_max,0.5,True,708.435,gray_max,True,False,,0.4,0.0,15,28,25,25,0,3,1.0,0.8928571428571429,0.9433962264150945,0.933845581585983,0.9649612404856205,-3,3
1b518cd2ea84a389c267662840f3d902d0129fab27696215db2488de6d4316c5,cellpose_cpsam,gray_max,0.5,True,2054.247,gray_max,True,False,,0.4,0.0,15,76,83,74,9,2,0.891566265060241,0.9736842105263158,0.930817610062893,0.9061860202800921,0.9497451117257585,7,7
2817299fd3b88670e86a9db5651ba24333c299d1d41e5491aabfcd95aee84174,cellpose_cpsam,gray_max,0.5,True,702.407,gray_max,True,False,,0.4,0.0,15,16,17,16,1,0,0.9411764705882353,1.0,0.9696969696969697,0.8824125897411863,0.9357751425457665,1,1
33a5b0ff232b425796ee6a9dd5b516ff9aad54ca723b4ec490bf5cd9b2e2a731,cellpose_cpsam,gray_max,0.5,True,731.936,gray_max,True,False,,0.4,0.0,15,23,18,16,2,7,0.8888888888888888,0.6956521739130435,0.7804878048780488,0.7386880455974119,0.8431104659306827,-5,5
4193474b2f1c72f735b13633b219d9cabdd43c21d9c2bb4dfc4809f104ba4c06,cellpose_cpsam,gray_max,0.5,True,723.529,gray_max,True,False,,0.4,0.0,15,12,12,9,3,3,0.75,0.75,0.75,0.7740361275085785,0.8701989075458669,0,0
5afcbfd0dd64392aa1e233b996d0bfb4354ee7119f30ae111c33d0fe4df11590,cellpose_cpsam,gray_max,0.5,True,750.71,gray_max,True,False,,0.4,0.0,15,27,25,25,0,2,1.0,0.9259259259259259,0.9615384615384615,0.9173655477198224,0.9538463826360545,-2,2
66612c188d73e931e1863af2c99d2af782c32f65fd97d224abb40bbadb87263f,cellpose_cpsam,gray_max,0.5,True,691.967,gray_max,True,False,,0.4,0.0,15,15,13,13,0,2,1.0,0.8666666666666667,0.9285714285714286,0.923083778799312,0.9590916107406853,-2,2
76c44d1addac92a65f1331f2d93f4e3b130bd4e538a6e5239c3ac1f4c403608a,cellpose_cpsam,gray_max,0.5,True,680.873,gray_max,True,False,,0.4,0.0,15,35,35,35,0,0,1.0,1.0,1.0,0.9016794846843704,0.9463289176819066,0,0
853a4c67900c411abd04467f7bc7813d3c58a5f565c8b0807e13c6e6dea21344,cellpose_cpsam,gray_max,0.5,True,698.09,gray_max,True,False,,0.4,0.0,15,18,13,12,1,6,0.9230769230769231,0.6666666666666666,0.7741935483870968,0.8487433296949639,0.9153244818308784,-5,5
942d56861fc83e195e9c559a000bb86627d8682f8dcc2300818458e5b6850dd0,cellpose_cpsam,gray_max,0.5,True,714.506,gray_max,True,False,,0.4,0.0,15,51,52,50,2,1,0.9615384615384616,0.9803921568627451,0.970873786407767,0.8252559386183814,0.901219251530391,1,1
a1777737270c5f96c4523dff76e4097756f8f7d4c9d59bac079e31f9510deabd,cellpose_cpsam,gray_max,0.5,True,765.111,gray_max,True,False,,0.4,0.0,15,26,26,23,3,3,0.8846153846153846,0.8846153846153846,0.8846153846153846,0.8790986479207252,0.932341188429577,0,0
ad473063dab4bf4f2461d9a99a9c0166d4871f156516d9e0a523484e7cf2258d,cellpose_cpsam,gray_max,0.5,True,713.653,gray_max,True,False,,0.4,0.0,15,84,54,49,5,35,0.9074074074074074,0.5833333333333334,0.7101449275362318,0.7719690920886848,0.8672705806819362,-30,30
b909aa8f6f4bec37c3fb6ff5a85d166162d07983506fcc57be742b0f9dbafbf7,cellpose_cpsam,gray_max,0.5,True,697.443,gray_max,True,False,,0.4,0.0,15,9,5,3,2,6,0.6,0.3333333333333333,0.42857142857142855,0.8107270672138869,0.8933816598163147,-4,4
c6216cdc42f61bc345434986db42e2ef9b9741aee3210b7a808e952e319d2305,cellpose_cpsam,gray_max,0.5,True,689.561,gray_max,True,False,,0.4,0.0,15,32,30,28,2,4,0.9333333333333333,0.875,0.9032258064516129,0.7785826527356383,0.8732861306422992,-2,2
d7d12a2acc47a94961aeb56fd56e8a0873016af75f5dd10915de9db8af8e4f5e,cellpose_cpsam,gray_max,0.5,True,743.439,gray_max,True,False,,0.4,0.0,15,22,20,20,0,2,1.0,0.9090909090909091,0.9523809523809523,0.8420695694335443,0.9084229364122427,-2,2
e52960d31f8bddf85400259beb4521383f5ceface1080be3429f2f926cc9b5c2,cellpose_cpsam,gray_max,0.5,True,1995.009,gray_max,True,False,,0.4,0.0,15,130,133,129,4,1,0.9699248120300752,0.9923076923076923,0.9809885931558935,0.9242622851730812,0.959622499737988,3,3
f29fd9c52e04403cd2c7d43b6fe2479292e53b2f61969d25256d2d2aca7c6a81,cellpose_cpsam,gray_max,0.5,True,3354.369,gray_max,True,False,,0.4,0.0,15,199,168,157,11,42,0.9345238095238095,0.7889447236180904,0.8555858310626703,0.7497753162468754,0.8536799716371047,-31,31
ff599c7301daa1f783924ac8cbe3ce7b42878f15a39c2d19659189951f540f48,cellpose_cpsam,gray_max,0.5,True,741.546,gray_max,True,False,,0.4,0.0,15,24,24,24,0,0,1.0,1.0,1.0,0.9357950336315888,0.9658129550796968,0,0
220b37f4ca7cab486d2b71cd87a46ee7411a5aa142799d96ed98015ab5ba538a,cellpose_cpsam,rgb_invert,0.5,True,625.863,rgb,True,True,,0.4,0.0,15,1,0,0,0,1,0.0,0.0,0.0,0.0,0.0,-1,1
7b38c9173ebe69b4c6ba7e703c0c27f39305d9b2910f46405993d2ea7a963b80,cellpose_cpsam,rgb_invert,0.5,True,754.468,rgb,True,True,,0.4,0.0,15,1,96,0,96,1,0.0,0.0,0.0,0.0,0.0,95,95
84eeec681987753029eb83ea5f3ff7e8b5697783cdb2035f2882d40c9a3f1029,cellpose_cpsam,rgb_invert,0.5,True,676.084,rgb,True,True,,0.4,0.0,15,1,1,0,1,1,0.0,0.0,0.0,0.0,0.0,0,0
93c5638e7e6433b5c9cc87c152bcbe28873d2f9d6a392cca0642520807542a77,cellpose_cpsam,rgb_invert,0.5,True,662.892,rgb,True,True,,0.4,0.0,15,1,0,0,0,1,0.0,0.0,0.0,0.0,0.0,-1,1
e5aeb5b3577abbebe8982b5dd7d22c4257250ad3000661a42f38bf9248d291fd,cellpose_cpsam,rgb_invert,0.5,True,671.901,rgb,True,True,,0.4,0.0,15,2,0,0,0,2,0.0,0.0,0.0,0.0,0.0,-2,2
d1dbc6ee7c44a7027e935d040e496793186b884a1028d0e26284a206c6f5aff0,cellpose_cpsam,rgb_invert,0.5,True,663.841,rgb,True,True,,0.4,0.0,15,17,7,5,2,12,0.7142857142857143,0.29411764705882354,0.4166666666666667,0.8615356971834052,0.9216047359689116,-10,10
0121d6759c5adb290c8e828fc882f37dfaf3663ec885c663859948c154a443ed,cellpose_cpsam,rgb_invert,0.5,True,744.579,rgb,True,True,,0.4,0.0,15,86,63,31,32,55,0.49206349206349204,0.36046511627906974,0.4161073825503355,0.7199150035593118,0.8312596641577809,-23,23
947c0d94c8213ac7aaa41c4efc95d854246550298259cf1bb489654d0e969050,cellpose_cpsam,rgb_invert,0.5,True,733.34,rgb,True,True,,0.4,0.0,15,64,54,26,28,38,0.48148148148148145,0.40625,0.4406779661016949,0.7160973732029389,0.8292600174876471,-10,10
4e07a653352b30bb95b60ebc6c57afbc7215716224af731c51ff8d430788cd40,cellpose_cpsam,rgb_invert,0.5,True,3884.122,rgb,True,True,,0.4,0.0,15,136,83,63,20,73,0.7590361445783133,0.4632352941176471,0.5753424657534246,0.7459358147496697,0.8484731585802945,-53,53
2bf594e9d06f78b4b79d7ffb395497a0a91126b6b0d710d7a9cee21f5c3bd177,cellpose_cpsam,rgb_invert,0.5,True,709.936,rgb,True,True,,0.4,0.0,15,23,22,11,11,12,0.5,0.4782608695652174,0.4888888888888889,0.5695747047651214,0.7237514536144073,-1,1
00071198d059ba7f5914a526d124d28e6d010c92466da21d4a04cd5413362552,cellpose_cpsam,rgb_invert,0.5,True,683.132,rgb,True,True,,0.4,0.0,15,27,19,19,0,8,1.0,0.7037037037037037,0.8260869565217391,0.8006694873377294,0.8860472992623495,-8,8
0c6507d493bf79b2ba248c5cca3d14df8b67328b89efa5f4a32f97a06a88c92c,cellpose_cpsam,rgb_invert,0.5,True,695.703,rgb,True,True,,0.4,0.0,15,28,25,25,0,3,1.0,0.8928571428571429,0.9433962264150945,0.9273687386591806,0.9612881423063577,-3,3
1b518cd2ea84a389c267662840f3d902d0129fab27696215db2488de6d4316c5,cellpose_cpsam,rgb_invert,0.5,True,2015.842,rgb,True,True,,0.4,0.0,15,76,82,74,8,2,0.9024390243902439,0.9736842105263158,0.9367088607594938,0.9076584518856332,0.950622512626778,6,6
2817299fd3b88670e86a9db5651ba24333c299d1d41e5491aabfcd95aee84174,cellpose_cpsam,rgb_invert,0.5,True,717.611,rgb,True,True,,0.4,0.0,15,16,16,16,0,0,1.0,1.0,1.0,0.9103331701156374,0.9524433548013838,0,0
33a5b0ff232b425796ee6a9dd5b516ff9aad54ca723b4ec490bf5cd9b2e2a731,cellpose_cpsam,rgb_invert,0.5,True,730.065,rgb,True,True,,0.4,0.0,15,23,20,19,1,4,0.95,0.8260869565217391,0.8837209302325583,0.7987220696327215,0.8829967437408498,-3,3
4193474b2f1c72f735b13633b219d9cabdd43c21d9c2bb4dfc4809f104ba4c06,cellpose_cpsam,rgb_invert,0.5,True,707.116,rgb,True,True,,0.4,0.0,15,12,13,11,2,1,0.8461538461538461,0.9166666666666666,0.8799999999999999,0.8022856552689668,0.8888076264871767,1,1
5afcbfd0dd64392aa1e233b996d0bfb4354ee7119f30ae111c33d0fe4df11590,cellpose_cpsam,rgb_invert,0.5,True,780.189,rgb,True,True,,0.4,0.0,15,27,25,25,0,2,1.0,0.9259259259259259,0.9615384615384615,0.914666787019819,0.9523589555707614,-2,2
66612c188d73e931e1863af2c99d2af782c32f65fd97d224abb40bbadb87263f,cellpose_cpsam,rgb_invert,0.5,True,697.395,rgb,True,True,,0.4,0.0,15,15,13,13,0,2,1.0,0.8666666666666667,0.9285714285714286,0.9247745646897673,0.9600051072799552,-2,2
76c44d1addac92a65f1331f2d93f4e3b130bd4e538a6e5239c3ac1f4c403608a,cellpose_cpsam,rgb_invert,0.5,True,703.524,rgb,True,True,,0.4,0.0,15,35,35,35,0,0,1.0,1.0,1.0,0.8924254107278576,0.9409286160484995,0,0
853a4c67900c411abd04467f7bc7813d3c58a5f565c8b0807e13c6e6dea21344,cellpose_cpsam,rgb_invert,0.5,True,730.866,rgb,True,True,,0.4,0.0,15,18,22,18,4,0,0.8181818181818182,1.0,0.9,0.8545843631945762,0.9189126488754094,4,4
942d56861fc83e195e9c559a000bb86627d8682f8dcc2300818458e5b6850dd0,cellpose_cpsam,rgb_invert,0.5,True,725.978,rgb,True,True,,0.4,0.0,15,51,51,50,1,1,0.9803921568627451,0.9803921568627451,0.9803921568627451,0.8229773296266721,0.8995289371302542,0,0
a1777737270c5f96c4523dff76e4097756f8f7d4c9d59bac079e31f9510deabd,cellpose_cpsam,rgb_invert,0.5,True,758.992,rgb,True,True,,0.4,0.0,15,26,26,23,3,3,0.8846153846153846,0.8846153846153846,0.8846153846153846,0.8705088525456521,0.9270427326397429,0,0
ad473063dab4bf4f2461d9a99a9c0166d4871f156516d9e0a523484e7cf2258d,cellpose_cpsam,rgb_invert,0.5,True,739.941,rgb,True,True,,0.4,0.0,15,84,72,66,6,18,0.9166666666666666,0.7857142857142857,0.8461538461538461,0.7685133044105145,0.865809990367134,-12,12
b909aa8f6f4bec37c3fb6ff5a85d166162d07983506fcc57be742b0f9dbafbf7,cellpose_cpsam,rgb_invert,0.5,True,698.054,rgb,True,True,,0.4,0.0,15,9,10,7,3,2,0.7,0.7777777777777778,0.7368421052631577,0.8061067915383043,0.8873010999203064,1,1
c6216cdc42f61bc345434986db42e2ef9b9741aee3210b7a808e952e319d2305,cellpose_cpsam,rgb_invert,0.5,True,680.828,rgb,True,True,,0.4,0.0,15,32,30,28,2,4,0.9333333333333333,0.875,0.9032258064516129,0.7930534128311374,0.8822963287577048,-2,2
d7d12a2acc47a94961aeb56fd56e8a0873016af75f5dd10915de9db8af8e4f5e,cellpose_cpsam,rgb_invert,0.5,True,742.432,rgb,True,True,,0.4,0.0,15,22,19,19,0,3,1.0,0.8636363636363636,0.9268292682926829,0.8553598061047982,0.9166976776942344,-3,3
e52960d31f8bddf85400259beb4521383f5ceface1080be3429f2f926cc9b5c2,cellpose_cpsam,rgb_invert,0.5,True,1970.597,rgb,True,True,,0.4,0.0,15,130,132,128,4,2,0.9696969696969697,0.9846153846153847,0.9770992366412214,0.925045239726073,0.9601426606129386,2,2
f29fd9c52e04403cd2c7d43b6fe2479292e53b2f61969d25256d2d2aca7c6a81,cellpose_cpsam,rgb_invert,0.5,True,3304.987,rgb,True,True,,0.4,0.0,15,199,174,161,13,38,0.9252873563218391,0.8090452261306532,0.8632707774798928,0.742735639949083,0.8487054503832047,-25,25
ff599c7301daa1f783924ac8cbe3ce7b42878f15a39c2d19659189951f540f48,cellpose_cpsam,rgb_invert,0.5,True,751.028,rgb,True,True,,0.4,0.0,15,24,24,24,0,0,1.0,1.0,1.0,0.9369797547766826,0.9661610418355472,0,0
220b37f4ca7cab486d2b71cd87a46ee7411a5aa142799d96ed98015ab5ba538a,cellpose_cpsam,rgb_cellprob_-1,0.5,True,676.659,rgb,True,False,,0.4,-1.0,15,1,0,0,0,1,0.0,0.0,0.0,0.0,0.0,-1,1
7b38c9173ebe69b4c6ba7e703c0c27f39305d9b2910f46405993d2ea7a963b80,cellpose_cpsam,rgb_cellprob_-1,0.5,True,775.666,rgb,True,False,,0.4,-1.0,15,1,97,0,97,1,0.0,0.0,0.0,0.0,0.0,96,96
84eeec681987753029eb83ea5f3ff7e8b5697783cdb2035f2882d40c9a3f1029,cellpose_cpsam,rgb_cellprob_-1,0.5,True,688.959,rgb,True,False,,0.4,-1.0,15,1,1,0,1,1,0.0,0.0,0.0,0.0,0.0,0,0
93c5638e7e6433b5c9cc87c152bcbe28873d2f9d6a392cca0642520807542a77,cellpose_cpsam,rgb_cellprob_-1,0.5,True,668.522,rgb,True,False,,0.4,-1.0,15,1,0,0,0,1,0.0,0.0,0.0,0.0,0.0,-1,1
e5aeb5b3577abbebe8982b5dd7d22c4257250ad3000661a42f38bf9248d291fd,cellpose_cpsam,rgb_cellprob_-1,0.5,True,675.892,rgb,True,False,,0.4,-1.0,15,2,0,0,0,2,0.0,0.0,0.0,0.0,0.0,-2,2
d1dbc6ee7c44a7027e935d040e496793186b884a1028d0e26284a206c6f5aff0,cellpose_cpsam,rgb_cellprob_-1,0.5,True,671.691,rgb,True,False,,0.4,-1.0,15,17,7,5,2,12,0.7142857142857143,0.29411764705882354,0.4166666666666667,0.9024850254819434,0.9483862777877432,-10,10
0121d6759c5adb290c8e828fc882f37dfaf3663ec885c663859948c154a443ed,cellpose_cpsam,rgb_cellprob_-1,0.5,True,734.121,rgb,True,False,,0.4,-1.0,15,86,56,27,29,59,0.48214285714285715,0.313953488372093,0.38028169014084506,0.69439454705617,0.8157176510776558,-30,30
947c0d94c8213ac7aaa41c4efc95d854246550298259cf1bb489654d0e969050,cellpose_cpsam,rgb_cellprob_-1,0.5,True,728.17,rgb,True,False,,0.4,-1.0,15,64,55,24,31,40,0.43636363636363634,0.375,0.40336134453781514,0.6886109775484072,0.810947294777718,-9,9
4e07a653352b30bb95b60ebc6c57afbc7215716224af731c51ff8d430788cd40,cellpose_cpsam,rgb_cellprob_-1,0.5,True,3828.174,rgb,True,False,,0.4,-1.0,15,136,82,61,21,75,0.7439024390243902,0.4485294117647059,0.5596330275229359,0.7720067882874306,0.8666960372191366,-54,54
2bf594e9d06f78b4b79d7ffb395497a0a91126b6b0d710d7a9cee21f5c3bd177,cellpose_cpsam,rgb_cellprob_-1,0.5,True,714.615,rgb,True,False,,0.4,-1.0,15,23,21,17,4,6,0.8095238095238095,0.7391304347826086,0.7727272727272727,0.6103339727360879,0.7557749030938403,-2,2
00071198d059ba7f5914a526d124d28e6d010c92466da21d4a04cd5413362552,cellpose_cpsam,rgb_cellprob_-1,0.5,True,698.731,rgb,True,False,,0.4,-1.0,15,27,21,21,0,6,1.0,0.7777777777777778,0.8750000000000001,0.8261499783778972,0.9019235208007496,-6,6
0c6507d493bf79b2ba248c5cca3d14df8b67328b89efa5f4a32f97a06a88c92c,cellpose_cpsam,rgb_cellprob_-1,0.5,True,698.337,rgb,True,False,,0.4,-1.0,15,28,25,25,0,3,1.0,0.8928571428571429,0.9433962264150945,0.902828201511272,0.9477432826066976,-3,3
1b518cd2ea84a389c267662840f3d902d0129fab27696215db2488de6d4316c5,cellpose_cpsam,rgb_cellprob_-1,0.5,True,1998.958,rgb,True,False,,0.4,-1.0,15,76,83,74,9,2,0.891566265060241,0.9736842105263158,0.930817610062893,0.9211205489358513,0.9582164987520525,7,7
2817299fd3b88670e86a9db5651ba24333c299d1d41e5491aabfcd95aee84174,cellpose_cpsam,rgb_cellprob_-1,0.5,True,717.557,rgb,True,False,,0.4,-1.0,15,16,17,16,1,0,0.9411764705882353,1.0,0.9696969696969697,0.8879547163187247,0.938243248328027,1,1
33a5b0ff232b425796ee6a9dd5b516ff9aad54ca723b4ec490bf5cd9b2e2a731,cellpose_cpsam,rgb_cellprob_-1,0.5,True,713.901,rgb,True,False,,0.4,-1.0,15,23,17,16,1,7,0.9411764705882353,0.6956521739130435,0.7999999999999999,0.7571877873247324,0.8557046831678906,-6,6
4193474b2f1c72f735b13633b219d9cabdd43c21d9c2bb4dfc4809f104ba4c06,cellpose_cpsam,rgb_cellprob_-1,0.5,True,675.984,rgb,True,False,,0.4,-1.0,15,12,13,11,2,1,0.8461538461538461,0.9166666666666666,0.8799999999999999,0.7933179315242632,0.8824937904745253,1,1
5afcbfd0dd64392aa1e233b996d0bfb4354ee7119f30ae111c33d0fe4df11590,cellpose_cpsam,rgb_cellprob_-1,0.5,True,714.965,rgb,True,False,,0.4,-1.0,15,27,25,25,0,2,1.0,0.9259259259259259,0.9615384615384615,0.9148652423261335,0.952680269332257,-2,2
66612c188d73e931e1863af2c99d2af782c32f65fd97d224abb40bbadb87263f,cellpose_cpsam,rgb_cellprob_-1,0.5,True,689.841,rgb,True,False,,0.4,-1.0,15,15,13,13,0,2,1.0,0.8666666666666667,0.9285714285714286,0.8945776638583519,0.942689525269057,-2,2
76c44d1addac92a65f1331f2d93f4e3b130bd4e538a6e5239c3ac1f4c403608a,cellpose_cpsam,rgb_cellprob_-1,0.5,True,713.76,rgb,True,False,,0.4,-1.0,15,35,35,35,0,0,1.0,1.0,1.0,0.8574333213101986,0.9217260666211512,0,0
853a4c67900c411abd04467f7bc7813d3c58a5f565c8b0807e13c6e6dea21344,cellpose_cpsam,rgb_cellprob_-1,0.5,True,751.549,rgb,True,False,,0.4,-1.0,15,18,17,17,0,1,1.0,0.9444444444444444,0.9714285714285714,0.8481547224443744,0.9135610819501353,-1,1
942d56861fc83e195e9c559a000bb86627d8682f8dcc2300818458e5b6850dd0,cellpose_cpsam,rgb_cellprob_-1,0.5,True,732.468,rgb,True,False,,0.4,-1.0,15,51,51,50,1,1,0.9803921568627451,0.9803921568627451,0.9803921568627451,0.7564212421316929,0.858148066217123,0,0
a1777737270c5f96c4523dff76e4097756f8f7d4c9d59bac079e31f9510deabd,cellpose_cpsam,rgb_cellprob_-1,0.5,True,780.847,rgb,True,False,,0.4,-1.0,15,26,25,23,2,3,0.92,0.8846153846153846,0.9019607843137256,0.8913263244840092,0.9395989545970419,-1,1
ad473063dab4bf4f2461d9a99a9c0166d4871f156516d9e0a523484e7cf2258d,cellpose_cpsam,rgb_cellprob_-1,0.5,True,746.005,rgb,True,False,,0.4,-1.0,15,84,67,56,11,28,0.835820895522388,0.6666666666666666,0.7417218543046357,0.724837951656465,0.8373233568308842,-17,17
b909aa8f6f4bec37c3fb6ff5a85d166162d07983506fcc57be742b0f9dbafbf7,cellpose_cpsam,rgb_cellprob_-1,0.5,True,730.322,rgb,True,False,,0.4,-1.0,15,9,7,5,2,4,0.7142857142857143,0.5555555555555556,0.6250000000000001,0.7724193146998679,0.8638656276806206,-2,2
c6216cdc42f61bc345434986db42e2ef9b9741aee3210b7a808e952e319d2305,cellpose_cpsam,rgb_cellprob_-1,0.5,True,697.712,rgb,True,False,,0.4,-1.0,15,32,30,28,2,4,0.9333333333333333,0.875,0.9032258064516129,0.7573040089945868,0.8585500838988883,-2,2
d7d12a2acc47a94961aeb56fd56e8a0873016af75f5dd10915de9db8af8e4f5e,cellpose_cpsam,rgb_cellprob_-1,0.5,True,747.06,rgb,True,False,,0.4,-1.0,15,22,20,20,0,2,1.0,0.9090909090909091,0.9523809523809523,0.8277041830714994,0.8991992450191093,-2,2
e52960d31f8bddf85400259beb4521383f5ceface1080be3429f2f926cc9b5c2,cellpose_cpsam,rgb_cellprob_-1,0.5,True,2230.251,rgb,True,False,,0.4,-1.0,15,130,132,129,3,1,0.9772727272727273,0.9923076923076923,0.9847328244274809,0.9137392020230765,0.9538260385205396,2,2
f29fd9c52e04403cd2c7d43b6fe2479292e53b2f61969d25256d2d2aca7c6a81,cellpose_cpsam,rgb_cellprob_-1,0.5,True,4745.854,rgb,True,False,,0.4,-1.0,15,199,169,162,7,37,0.9585798816568047,0.8140703517587939,0.8804347826086957,0.7889589693381135,0.8798442066260144,-30,30
ff599c7301daa1f783924ac8cbe3ce7b42878f15a39c2d19659189951f540f48,cellpose_cpsam,rgb_cellprob_-1,0.5,True,760.04,rgb,True,False,,0.4,-1.0,15,24,24,24,0,0,1.0,1.0,1.0,0.9218992192255783,0.9577544193947558,0,0
220b37f4ca7cab486d2b71cd87a46ee7411a5aa142799d96ed98015ab5ba538a,cellpose_cpsam,rgb_cellprob_-2,0.5,True,691.325,rgb,True,False,,0.4,-2.0,15,1,0,0,0,1,0.0,0.0,0.0,0.0,0.0,-1,1
7b38c9173ebe69b4c6ba7e703c0c27f39305d9b2910f46405993d2ea7a963b80,cellpose_cpsam,rgb_cellprob_-2,0.5,True,834.185,rgb,True,False,,0.4,-2.0,15,1,92,0,92,1,0.0,0.0,0.0,0.0,0.0,91,91
84eeec681987753029eb83ea5f3ff7e8b5697783cdb2035f2882d40c9a3f1029,cellpose_cpsam,rgb_cellprob_-2,0.5,True,720.099,rgb,True,False,,0.4,-2.0,15,1,1,0,1,1,0.0,0.0,0.0,0.0,0.0,0,0
93c5638e7e6433b5c9cc87c152bcbe28873d2f9d6a392cca0642520807542a77,cellpose_cpsam,rgb_cellprob_-2,0.5,True,683.818,rgb,True,False,,0.4,-2.0,15,1,0,0,0,1,0.0,0.0,0.0,0.0,0.0,-1,1
e5aeb5b3577abbebe8982b5dd7d22c4257250ad3000661a42f38bf9248d291fd,cellpose_cpsam,rgb_cellprob_-2,0.5,True,675.197,rgb,True,False,,0.4,-2.0,15,2,0,0,0,2,0.0,0.0,0.0,0.0,0.0,-2,2
d1dbc6ee7c44a7027e935d040e496793186b884a1028d0e26284a206c6f5aff0,cellpose_cpsam,rgb_cellprob_-2,0.5,True,722.729,rgb,True,False,,0.4,-2.0,15,17,7,5,2,12,0.7142857142857143,0.29411764705882354,0.4166666666666667,0.8654146650302026,0.9268340988356364,-10,10
0121d6759c5adb290c8e828fc882f37dfaf3663ec885c663859948c154a443ed,cellpose_cpsam,rgb_cellprob_-2,0.5,True,789.882,rgb,True,False,,0.4,-2.0,15,86,52,22,30,64,0.4230769230769231,0.2558139534883721,0.3188405797101449,0.6448958600769036,0.7812412304514317,-34,34
947c0d94c8213ac7aaa41c4efc95d854246550298259cf1bb489654d0e969050,cellpose_cpsam,rgb_cellprob_-2,0.5,True,757.635,rgb,True,False,,0.4,-2.0,15,64,51,20,31,44,0.39215686274509803,0.3125,0.34782608695652173,0.656401220059087,0.7889021164801104,-13,13
4e07a653352b30bb95b60ebc6c57afbc7215716224af731c51ff8d430788cd40,cellpose_cpsam,rgb_cellprob_-2,0.5,True,4276.685,rgb,True,False,,0.4,-2.0,15,136,76,58,18,78,0.7631578947368421,0.4264705882352941,0.5471698113207547,0.7717618291664838,0.8668230171902295,-60,60
2bf594e9d06f78b4b79d7ffb395497a0a91126b6b0d710d7a9cee21f5c3bd177,cellpose_cpsam,rgb_cellprob_-2,0.5,True,736.143,rgb,True,False,,0.4,-2.0,15,23,20,17,3,6,0.85,0.7391304347826086,0.7906976744186046,0.6888059151343834,0.8133521296291731,-3,3
00071198d059ba7f5914a526d124d28e6d010c92466da21d4a04cd5413362552,cellpose_cpsam,rgb_cellprob_-2,0.5,True,723.651,rgb,True,False,,0.4,-2.0,15,27,19,19,0,8,1.0,0.7037037037037037,0.8260869565217391,0.770307754137769,0.8664595804939144,-8,8
0c6507d493bf79b2ba248c5cca3d14df8b67328b89efa5f4a32f97a06a88c92c,cellpose_cpsam,rgb_cellprob_-2,0.5,True,764.808,rgb,True,False,,0.4,-2.0,15,28,25,25,0,3,1.0,0.8928571428571429,0.9433962264150945,0.8489093447035424,0.9166468717099687,-3,3
1b518cd2ea84a389c267662840f3d902d0129fab27696215db2488de6d4316c5,cellpose_cpsam,rgb_cellprob_-2,0.5,True,2160.288,rgb,True,False,,0.4,-2.0,15,76,81,74,7,2,0.9135802469135802,0.9736842105263158,0.9426751592356688,0.9137627411820807,0.9543517459784375,5,5
2817299fd3b88670e86a9db5651ba24333c299d1d41e5491aabfcd95aee84174,cellpose_cpsam,rgb_cellprob_-2,0.5,True,754.022,rgb,True,False,,0.4,-2.0,15,16,16,16,0,0,1.0,1.0,1.0,0.8393160171848741,0.9095819435839494,0,0
33a5b0ff232b425796ee6a9dd5b516ff9aad54ca723b4ec490bf5cd9b2e2a731,cellpose_cpsam,rgb_cellprob_-2,0.5,True,819.685,rgb,True,False,,0.4,-2.0,15,23,15,13,2,10,0.8666666666666667,0.5652173913043478,0.6842105263157895,0.7398219673492001,0.8473729318352677,-8,8
4193474b2f1c72f735b13633b219d9cabdd43c21d9c2bb4dfc4809f104ba4c06,cellpose_cpsam,rgb_cellprob_-2,0.5,True,743.766,rgb,True,False,,0.4,-2.0,15,12,12,11,1,1,0.9166666666666666,0.9166666666666666,0.9166666666666666,0.7412115437983064,0.8465475038669403,0,0
5afcbfd0dd64392aa1e233b996d0bfb4354ee7119f30ae111c33d0fe4df11590,cellpose_cpsam,rgb_cellprob_-2,0.5,True,779.123,rgb,True,False,,0.4,-2.0,15,27,25,25,0,2,1.0,0.9259259259259259,0.9615384615384615,0.9019546465589311,0.9457567157222583,-2,2
66612c188d73e931e1863af2c99d2af782c32f65fd97d224abb40bbadb87263f,cellpose_cpsam,rgb_cellprob_-2,0.5,True,683.704,rgb,True,False,,0.4,-2.0,15,15,13,13,0,2,1.0,0.8666666666666667,0.9285714285714286,0.849396123219279,0.9167529548736936,-2,2
76c44d1addac92a65f1331f2d93f4e3b130bd4e538a6e5239c3ac1f4c403608a,cellpose_cpsam,rgb_cellprob_-2,0.5,True,695.253,rgb,True,False,,0.4,-2.0,15,35,35,35,0,0,1.0,1.0,1.0,0.7818975076271378,0.8760874769407381,0,0
853a4c67900c411abd04467f7bc7813d3c58a5f565c8b0807e13c6e6dea21344,cellpose_cpsam,rgb_cellprob_-2,0.5,True,746.16,rgb,True,False,,0.4,-2.0,15,18,16,16,0,2,1.0,0.8888888888888888,0.9411764705882353,0.7863878594018188,0.8728072262875206,-2,2
942d56861fc83e195e9c559a000bb86627d8682f8dcc2300818458e5b6850dd0,cellpose_cpsam,rgb_cellprob_-2,0.5,True,746.387,rgb,True,False,,0.4,-2.0,15,51,51,48,3,3,0.9411764705882353,0.9411764705882353,0.9411764705882353,0.6669118139650418,0.7973766143561235,0,0
a1777737270c5f96c4523dff76e4097756f8f7d4c9d59bac079e31f9510deabd,cellpose_cpsam,rgb_cellprob_-2,0.5,True,779.273,rgb,True,False,,0.4,-2.0,15,26,25,23,2,3,0.92,0.8846153846153846,0.9019607843137256,0.8958076868090512,0.9422393683334086,-1,1
ad473063dab4bf4f2461d9a99a9c0166d4871f156516d9e0a523484e7cf2258d,cellpose_cpsam,rgb_cellprob_-2,0.5,True,757.15,rgb,True,False,,0.4,-2.0,15,84,62,50,12,34,0.8064516129032258,0.5952380952380952,0.684931506849315,0.6715283466304593,0.8008119937858145,-22,22
b909aa8f6f4bec37c3fb6ff5a85d166162d07983506fcc57be742b0f9dbafbf7,cellpose_cpsam,rgb_cellprob_-2,0.5,True,728.269,rgb,True,False,,0.4,-2.0,15,9,6,4,2,5,0.6666666666666666,0.4444444444444444,0.5333333333333333,0.7708460518844145,0.867990969767114,-3,3
c6216cdc42f61bc345434986db42e2ef9b9741aee3210b7a808e952e319d2305,cellpose_cpsam,rgb_cellprob_-2,0.5,True,689.15,rgb,True,False,,0.4,-2.0,15,32,30,26,4,6,0.8666666666666667,0.8125,0.8387096774193549,0.737256711489121,0.8462965261350841,-2,2
d7d12a2acc47a94961aeb56fd56e8a0873016af75f5dd10915de9db8af8e4f5e,cellpose_cpsam,rgb_cellprob_-2,0.5,True,759.856,rgb,True,False,,0.4,-2.0,15,22,19,19,0,3,1.0,0.8636363636363636,0.9268292682926829,0.8176054614681705,0.8928408222250276,-3,3
e52960d31f8bddf85400259beb4521383f5ceface1080be3429f2f926cc9b5c2,cellpose_cpsam,rgb_cellprob_-2,0.5,True,2029.212,rgb,True,False,,0.4,-2.0,15,130,132,129,3,1,0.9772727272727273,0.9923076923076923,0.9847328244274809,0.884935508631985,0.9376108366801761,2,2
f29fd9c52e04403cd2c7d43b6fe2479292e53b2f61969d25256d2d2aca7c6a81,cellpose_cpsam,rgb_cellprob_-2,0.5,True,3380.955,rgb,True,False,,0.4,-2.0,15,199,141,137,4,62,0.9716312056737588,0.6884422110552764,0.8058823529411764,0.7638735112218719,0.8636168863070091,-58,58
ff599c7301daa1f783924ac8cbe3ce7b42878f15a39c2d19659189951f540f48,cellpose_cpsam,rgb_cellprob_-2,0.5,True,765.837,rgb,True,False,,0.4,-2.0,15,24,24,24,0,0,1.0,1.0,1.0,0.8945706439021536,0.941752331574658,0,0
220b37f4ca7cab486d2b71cd87a46ee7411a5aa142799d96ed98015ab5ba538a,cellpose_cpsam,rgb_flow_0,0.5,True,664.75,rgb,True,False,,0.0,0.0,15,1,0,0,0,1,0.0,0.0,0.0,0.0,0.0,-1,1
7b38c9173ebe69b4c6ba7e703c0c27f39305d9b2910f46405993d2ea7a963b80,cellpose_cpsam,rgb_flow_0,0.5,True,772.724,rgb,True,False,,0.0,0.0,15,1,98,0,98,1,0.0,0.0,0.0,0.0,0.0,97,97
84eeec681987753029eb83ea5f3ff7e8b5697783cdb2035f2882d40c9a3f1029,cellpose_cpsam,rgb_flow_0,0.5,True,670.51,rgb,True,False,,0.0,0.0,15,1,1,0,1,1,0.0,0.0,0.0,0.0,0.0,0,0
93c5638e7e6433b5c9cc87c152bcbe28873d2f9d6a392cca0642520807542a77,cellpose_cpsam,rgb_flow_0,0.5,True,682.98,rgb,True,False,,0.0,0.0,15,1,1,1,0,0,1.0,1.0,1.0,0.5963302752293578,0.7471264367816092,0,0
e5aeb5b3577abbebe8982b5dd7d22c4257250ad3000661a42f38bf9248d291fd,cellpose_cpsam,rgb_flow_0,0.5,True,664.427,rgb,True,False,,0.0,0.0,15,2,0,0,0,2,0.0,0.0,0.0,0.0,0.0,-2,2
d1dbc6ee7c44a7027e935d040e496793186b884a1028d0e26284a206c6f5aff0,cellpose_cpsam,rgb_flow_0,0.5,True,654.986,rgb,True,False,,0.0,0.0,15,17,7,5,2,12,0.7142857142857143,0.29411764705882354,0.4166666666666667,0.8731810813462687,0.930743194282738,-10,10
0121d6759c5adb290c8e828fc882f37dfaf3663ec885c663859948c154a443ed,cellpose_cpsam,rgb_flow_0,0.5,True,709.52,rgb,True,False,,0.0,0.0,15,86,60,32,28,54,0.5333333333333333,0.37209302325581395,0.4383561643835616,0.7392395334453465,0.8444745095591799,-26,26
947c0d94c8213ac7aaa41c4efc95d854246550298259cf1bb489654d0e969050,cellpose_cpsam,rgb_flow_0,0.5,True,708.667,rgb,True,False,,0.0,0.0,15,64,60,27,33,37,0.45,0.421875,0.435483870967742,0.7312625241915701,0.8396059064743159,-4,4
4e07a653352b30bb95b60ebc6c57afbc7215716224af731c51ff8d430788cd40,cellpose_cpsam,rgb_flow_0,0.5,True,3879.021,rgb,True,False,,0.0,0.0,15,136,82,61,21,75,0.7439024390243902,0.4485294117647059,0.5596330275229359,0.7490828557360979,0.8507199406121944,-54,54
2bf594e9d06f78b4b79d7ffb395497a0a91126b6b0d710d7a9cee21f5c3bd177,cellpose_cpsam,rgb_flow_0,0.5,True,674.733,rgb,True,False,,0.0,0.0,15,23,22,11,11,12,0.5,0.4782608695652174,0.4888888888888889,0.5644176456979352,0.7199791709478308,-1,1
00071198d059ba7f5914a526d124d28e6d010c92466da21d4a04cd5413362552,cellpose_cpsam,rgb_flow_0,0.5,True,676.281,rgb,True,False,,0.0,0.0,15,27,22,20,2,7,0.9090909090909091,0.7407407407407407,0.8163265306122449,0.8100639346481738,0.8923222899086806,-5,5
0c6507d493bf79b2ba248c5cca3d14df8b67328b89efa5f4a32f97a06a88c92c,cellpose_cpsam,rgb_flow_0,0.5,True,681.935,rgb,True,False,,0.0,0.0,15,28,25,25,0,3,1.0,0.8928571428571429,0.9433962264150945,0.932303200137025,0.9640251444085896,-3,3
1b518cd2ea84a389c267662840f3d902d0129fab27696215db2488de6d4316c5,cellpose_cpsam,rgb_flow_0,0.5,True,1918.733,rgb,True,False,,0.0,0.0,15,76,84,74,10,2,0.8809523809523809,0.9736842105263158,0.925,0.9087842320457908,0.9512311762036983,8,8
2817299fd3b88670e86a9db5651ba24333c299d1d41e5491aabfcd95aee84174,cellpose_cpsam,rgb_flow_0,0.5,True,690.385,rgb,True,False,,0.0,0.0,15,16,17,16,1,0,0.9411764705882353,1.0,0.9696969696969697,0.8890317788889467,0.93884494621054,1,1
33a5b0ff232b425796ee6a9dd5b516ff9aad54ca723b4ec490bf5cd9b2e2a731,cellpose_cpsam,rgb_flow_0,0.5,True,679.329,rgb,True,False,,0.0,0.0,15,23,19,18,1,5,0.9473684210526315,0.782608695652174,0.8571428571428571,0.7925930918520521,0.8785330229880371,-4,4
4193474b2f1c72f735b13633b219d9cabdd43c21d9c2bb4dfc4809f104ba4c06,cellpose_cpsam,rgb_flow_0,0.5,True,681.974,rgb,True,False,,0.0,0.0,15,12,14,11,3,1,0.7857142857142857,0.9166666666666666,0.8461538461538461,0.796225795907988,0.8844717675389944,2,2
5afcbfd0dd64392aa1e233b996d0bfb4354ee7119f30ae111c33d0fe4df11590,cellpose_cpsam,rgb_flow_0,0.5,True,693.08,rgb,True,False,,0.0,0.0,15,27,25,25,0,2,1.0,0.9259259259259259,0.9615384615384615,0.9167968160784811,0.953500136567953,-2,2
66612c188d73e931e1863af2c99d2af782c32f65fd97d224abb40bbadb87263f,cellpose_cpsam,rgb_flow_0,0.5,True,677.293,rgb,True,False,,0.0,0.0,15,15,13,13,0,2,1.0,0.8666666666666667,0.9285714285714286,0.9222150848093317,0.9585369926877406,-2,2
76c44d1addac92a65f1331f2d93f4e3b130bd4e538a6e5239c3ac1f4c403608a,cellpose_cpsam,rgb_flow_0,0.5,True,700.736,rgb,True,False,,0.0,0.0,15,35,35,35,0,0,1.0,1.0,1.0,0.8994454966613153,0.9450399857796979,0,0
853a4c67900c411abd04467f7bc7813d3c58a5f565c8b0807e13c6e6dea21344,cellpose_cpsam,rgb_flow_0,0.5,True,689.677,rgb,True,False,,0.0,0.0,15,18,18,17,1,1,0.9444444444444444,0.9444444444444444,0.9444444444444444,0.8770015520501391,0.9325666038773651,0,0
942d56861fc83e195e9c559a000bb86627d8682f8dcc2300818458e5b6850dd0,cellpose_cpsam,rgb_flow_0,0.5,True,737.506,rgb,True,False,,0.0,0.0,15,51,53,50,3,1,0.9433962264150944,0.9803921568627451,0.9615384615384616,0.8241971230982713,0.9009807850336319,2,2
a1777737270c5f96c4523dff76e4097756f8f7d4c9d59bac079e31f9510deabd,cellpose_cpsam,rgb_flow_0,0.5,True,692.572,rgb,True,False,,0.0,0.0,15,26,26,23,3,3,0.8846153846153846,0.8846153846153846,0.8846153846153846,0.8793740072248017,0.9324851966418161,0,0
ad473063dab4bf4f2461d9a99a9c0166d4871f156516d9e0a523484e7cf2258d,cellpose_cpsam,rgb_flow_0,0.5,True,724.766,rgb,True,False,,0.0,0.0,15,84,69,63,6,21,0.9130434782608695,0.75,0.8235294117647057,0.7579666044076807,0.8580366155357331,-15,15
b909aa8f6f4bec37c3fb6ff5a85d166162d07983506fcc57be742b0f9dbafbf7,cellpose_cpsam,rgb_flow_0,0.5,True,672.971,rgb,True,False,,0.0,0.0,15,9,9,5,4,4,0.5555555555555556,0.5555555555555556,0.5555555555555556,0.8236695592986114,0.8972107648668353,0,0
c6216cdc42f61bc345434986db42e2ef9b9741aee3210b7a808e952e319d2305,cellpose_cpsam,rgb_flow_0,0.5,True,668.181,rgb,True,False,,0.0,0.0,15,32,30,28,2,4,0.9333333333333333,0.875,0.9032258064516129,0.7725850845000692,0.8692379215523454,-2,2
d7d12a2acc47a94961aeb56fd56e8a0873016af75f5dd10915de9db8af8e4f5e,cellpose_cpsam,rgb_flow_0,0.5,True,686.485,rgb,True,False,,0.0,0.0,15,22,20,20,0,2,1.0,0.9090909090909091,0.9523809523809523,0.8439993087340524,0.9098292778765161,-2,2
e52960d31f8bddf85400259beb4521383f5ceface1080be3429f2f926cc9b5c2,cellpose_cpsam,rgb_flow_0,0.5,True,1984.414,rgb,True,False,,0.0,0.0,15,130,133,129,4,1,0.9699248120300752,0.9923076923076923,0.9809885931558935,0.9236446103654711,0.9592265843239006,3,3
f29fd9c52e04403cd2c7d43b6fe2479292e53b2f61969d25256d2d2aca7c6a81,cellpose_cpsam,rgb_flow_0,0.5,True,3237.646,rgb,True,False,,0.0,0.0,15,199,176,158,18,41,0.8977272727272727,0.7939698492462312,0.8426666666666667,0.7460994449677003,0.8512692208401753,-23,23
ff599c7301daa1f783924ac8cbe3ce7b42878f15a39c2d19659189951f540f48,cellpose_cpsam,rgb_flow_0,0.5,True,724.763,rgb,True,False,,0.0,0.0,15,24,24,24,0,0,1.0,1.0,1.0,0.9373298374250029,0.9667803785063406,0,0
220b37f4ca7cab486d2b71cd87a46ee7411a5aa142799d96ed98015ab5ba538a,cellpose_cpsam,rgb_diameter_15,0.5,True,1862.649,rgb,True,False,15.0,0.4,0.0,15,1,1,1,0,0,1.0,1.0,1.0,0.7692307692307693,0.8695652173913043,0,0
7b38c9173ebe69b4c6ba7e703c0c27f39305d9b2910f46405993d2ea7a963b80,cellpose_cpsam,rgb_diameter_15,0.5,True,1916.027,rgb,True,False,15.0,0.4,0.0,15,1,101,0,101,1,0.0,0.0,0.0,0.0,0.0,100,100
84eeec681987753029eb83ea5f3ff7e8b5697783cdb2035f2882d40c9a3f1029,cellpose_cpsam,rgb_diameter_15,0.5,True,1370.904,rgb,True,False,15.0,0.4,0.0,15,1,1,1,0,0,1.0,1.0,1.0,0.9028571428571428,0.948948948948949,0,0
93c5638e7e6433b5c9cc87c152bcbe28873d2f9d6a392cca0642520807542a77,cellpose_cpsam,rgb_diameter_15,0.5,True,1369.634,rgb,True,False,15.0,0.4,0.0,15,1,1,1,0,0,1.0,1.0,1.0,0.9142857142857143,0.9552238805970149,0,0
e5aeb5b3577abbebe8982b5dd7d22c4257250ad3000661a42f38bf9248d291fd,cellpose_cpsam,rgb_diameter_15,0.5,True,1383.187,rgb,True,False,15.0,0.4,0.0,15,2,0,0,0,2,0.0,0.0,0.0,0.0,0.0,-2,2
d1dbc6ee7c44a7027e935d040e496793186b884a1028d0e26284a206c6f5aff0,cellpose_cpsam,rgb_diameter_15,0.5,True,1376.364,rgb,True,False,15.0,0.4,0.0,15,17,9,7,2,10,0.7777777777777778,0.4117647058823529,0.5384615384615384,0.8074219606346275,0.8823052206360733,-8,8
0121d6759c5adb290c8e828fc882f37dfaf3663ec885c663859948c154a443ed,cellpose_cpsam,rgb_diameter_15,0.5,True,1872.13,rgb,True,False,15.0,0.4,0.0,15,86,62,33,29,53,0.532258064516129,0.38372093023255816,0.44594594594594594,0.7158493212422351,0.8284777926674182,-24,24
947c0d94c8213ac7aaa41c4efc95d854246550298259cf1bb489654d0e969050,cellpose_cpsam,rgb_diameter_15,0.5,True,1876.812,rgb,True,False,15.0,0.4,0.0,15,64,59,27,32,37,0.4576271186440678,0.421875,0.43902439024390244,0.7166430066879583,0.8294687680705882,-5,5
4e07a653352b30bb95b60ebc6c57afbc7215716224af731c51ff8d430788cd40,cellpose_cpsam,rgb_diameter_15,0.5,True,14344.274,rgb,True,False,15.0,0.4,0.0,15,136,80,65,15,71,0.8125,0.47794117647058826,0.6018518518518519,0.7627929734397395,0.8599995471844448,-56,56
2bf594e9d06f78b4b79d7ffb395497a0a91126b6b0d710d7a9cee21f5c3bd177,cellpose_cpsam,rgb_diameter_15,0.5,True,1381.736,rgb,True,False,15.0,0.4,0.0,15,23,23,16,7,7,0.6956521739130435,0.6956521739130435,0.6956521739130435,0.579884793490136,0.7324178528121913,0,0
00071198d059ba7f5914a526d124d28e6d010c92466da21d4a04cd5413362552,cellpose_cpsam,rgb_diameter_15,0.5,True,1378.898,rgb,True,False,15.0,0.4,0.0,15,27,22,21,1,6,0.9545454545454546,0.7777777777777778,0.8571428571428572,0.8309287900640969,0.905726746116157,-5,5
0c6507d493bf79b2ba248c5cca3d14df8b67328b89efa5f4a32f97a06a88c92c,cellpose_cpsam,rgb_diameter_15,0.5,True,1388.918,rgb,True,False,15.0,0.4,0.0,15,28,25,25,0,3,1.0,0.8928571428571429,0.9433962264150945,0.9340691770048539,0.9647968564905143,-3,3
1b518cd2ea84a389c267662840f3d902d0129fab27696215db2488de6d4316c5,cellpose_cpsam,rgb_diameter_15,0.5,True,5126.439,rgb,True,False,15.0,0.4,0.0,15,76,83,74,9,2,0.891566265060241,0.9736842105263158,0.930817610062893,0.9088957179901546,0.9512733777710306,7,7
2817299fd3b88670e86a9db5651ba24333c299d1d41e5491aabfcd95aee84174,cellpose_cpsam,rgb_diameter_15,0.5,True,1405.037,rgb,True,False,15.0,0.4,0.0,15,16,16,16,0,0,1.0,1.0,1.0,0.9126044871853205,0.9538652168641204,0,0
33a5b0ff232b425796ee6a9dd5b516ff9aad54ca723b4ec490bf5cd9b2e2a731,cellpose_cpsam,rgb_diameter_15,0.5,True,1840.459,rgb,True,False,15.0,0.4,0.0,15,23,18,18,0,5,1.0,0.782608695652174,0.878048780487805,0.7821213715272257,0.8715450783436266,-5,5
4193474b2f1c72f735b13633b219d9cabdd43c21d9c2bb4dfc4809f104ba4c06,cellpose_cpsam,rgb_diameter_15,0.5,True,1844.764,rgb,True,False,15.0,0.4,0.0,15,12,12,10,2,2,0.8333333333333334,0.8333333333333334,0.8333333333333334,0.7953474837782338,0.8834963608806998,0,0
5afcbfd0dd64392aa1e233b996d0bfb4354ee7119f30ae111c33d0fe4df11590,cellpose_cpsam,rgb_diameter_15,0.5,True,2357.08,rgb,True,False,15.0,0.4,0.0,15,27,25,25,0,2,1.0,0.9259259259259259,0.9615384615384615,0.9138153335766493,0.951726738140122,-2,2
66612c188d73e931e1863af2c99d2af782c32f65fd97d224abb40bbadb87263f,cellpose_cpsam,rgb_diameter_15,0.5,True,1400.708,rgb,True,False,15.0,0.4,0.0,15,15,13,13,0,2,1.0,0.8666666666666667,0.9285714285714286,0.9234655953973065,0.9591471983027303,-2,2
76c44d1addac92a65f1331f2d93f4e3b130bd4e538a6e5239c3ac1f4c403608a,cellpose_cpsam,rgb_diameter_15,0.5,True,1389.865,rgb,True,False,15.0,0.4,0.0,15,35,35,35,0,0,1.0,1.0,1.0,0.9052301391839491,0.9485171461874198,0,0
853a4c67900c411abd04467f7bc7813d3c58a5f565c8b0807e13c6e6dea21344,cellpose_cpsam,rgb_diameter_15,0.5,True,1880.068,rgb,True,False,15.0,0.4,0.0,15,18,20,17,3,1,0.85,0.9444444444444444,0.8947368421052632,0.8484208926487122,0.9134757977389507,2,2
942d56861fc83e195e9c559a000bb86627d8682f8dcc2300818458e5b6850dd0,cellpose_cpsam,rgb_diameter_15,0.5,True,1424.142,rgb,True,False,15.0,0.4,0.0,15,51,53,50,3,1,0.9433962264150944,0.9803921568627451,0.9615384615384616,0.8046019993017869,0.8885803787516972,2,2
a1777737270c5f96c4523dff76e4097756f8f7d4c9d59bac079e31f9510deabd,cellpose_cpsam,rgb_diameter_15,0.5,True,2459.339,rgb,True,False,15.0,0.4,0.0,15,26,26,23,3,3,0.8846153846153846,0.8846153846153846,0.8846153846153846,0.8775021927118007,0.9314678181259752,0,0
ad473063dab4bf4f2461d9a99a9c0166d4871f156516d9e0a523484e7cf2258d,cellpose_cpsam,rgb_diameter_15,0.5,True,1921.421,rgb,True,False,15.0,0.4,0.0,15,84,74,66,8,18,0.8918918918918919,0.7857142857142857,0.8354430379746834,0.7512697262393616,0.8538708678395869,-10,10
b909aa8f6f4bec37c3fb6ff5a85d166162d07983506fcc57be742b0f9dbafbf7,cellpose_cpsam,rgb_diameter_15,0.5,True,1841.431,rgb,True,False,15.0,0.4,0.0,15,9,8,6,2,3,0.75,0.6666666666666666,0.7058823529411765,0.7975770158473815,0.8806284995655846,-1,1
c6216cdc42f61bc345434986db42e2ef9b9741aee3210b7a808e952e319d2305,cellpose_cpsam,rgb_diameter_15,0.5,True,1430.309,rgb,True,False,15.0,0.4,0.0,15,32,30,28,2,4,0.9333333333333333,0.875,0.9032258064516129,0.7765140686457953,0.8717113712894472,-2,2
d7d12a2acc47a94961aeb56fd56e8a0873016af75f5dd10915de9db8af8e4f5e,cellpose_cpsam,rgb_diameter_15,0.5,True,2456.608,rgb,True,False,15.0,0.4,0.0,15,22,20,20,0,2,1.0,0.9090909090909091,0.9523809523809523,0.8574124357899453,0.9179419702112555,-2,2
e52960d31f8bddf85400259beb4521383f5ceface1080be3429f2f926cc9b5c2,cellpose_cpsam,rgb_diameter_15,0.5,True,5178.814,rgb,True,False,15.0,0.4,0.0,15,130,134,129,5,1,0.9626865671641791,0.9923076923076923,0.9772727272727273,0.9257793846414035,0.9605749801087146,4,4
f29fd9c52e04403cd2c7d43b6fe2479292e53b2f61969d25256d2d2aca7c6a81,cellpose_cpsam,rgb_diameter_15,0.5,True,10387.969,rgb,True,False,15.0,0.4,0.0,15,199,190,178,12,21,0.9368421052631579,0.8944723618090452,0.9151670951156813,0.76845664209012,0.8658377733058564,-9,9
ff599c7301daa1f783924ac8cbe3ce7b42878f15a39c2d19659189951f540f48,cellpose_cpsam,rgb_diameter_15,0.5,True,2419.65,rgb,True,False,15.0,0.4,0.0,15,24,24,24,0,0,1.0,1.0,1.0,0.9374237917599082,0.966549878385055,0,0
220b37f4ca7cab486d2b71cd87a46ee7411a5aa142799d96ed98015ab5ba538a,cellpose_cpsam,rgb_diameter_30,0.5,True,669.879,rgb,True,False,30.0,0.4,0.0,15,1,0,0,0,1,0.0,0.0,0.0,0.0,0.0,-1,1
7b38c9173ebe69b4c6ba7e703c0c27f39305d9b2910f46405993d2ea7a963b80,cellpose_cpsam,rgb_diameter_30,0.5,True,785.064,rgb,True,False,30.0,0.4,0.0,15,1,95,0,95,1,0.0,0.0,0.0,0.0,0.0,94,94
84eeec681987753029eb83ea5f3ff7e8b5697783cdb2035f2882d40c9a3f1029,cellpose_cpsam,rgb_diameter_30,0.5,True,716.236,rgb,True,False,30.0,0.4,0.0,15,1,1,0,1,1,0.0,0.0,0.0,0.0,0.0,0,0
93c5638e7e6433b5c9cc87c152bcbe28873d2f9d6a392cca0642520807542a77,cellpose_cpsam,rgb_diameter_30,0.5,True,678.432,rgb,True,False,30.0,0.4,0.0,15,1,0,0,0,1,0.0,0.0,0.0,0.0,0.0,-1,1
e5aeb5b3577abbebe8982b5dd7d22c4257250ad3000661a42f38bf9248d291fd,cellpose_cpsam,rgb_diameter_30,0.5,True,677.469,rgb,True,False,30.0,0.4,0.0,15,2,0,0,0,2,0.0,0.0,0.0,0.0,0.0,-2,2
d1dbc6ee7c44a7027e935d040e496793186b884a1028d0e26284a206c6f5aff0,cellpose_cpsam,rgb_diameter_30,0.5,True,697.095,rgb,True,False,30.0,0.4,0.0,15,17,7,5,2,12,0.7142857142857143,0.29411764705882354,0.4166666666666667,0.8731810813462687,0.930743194282738,-10,10
0121d6759c5adb290c8e828fc882f37dfaf3663ec885c663859948c154a443ed,cellpose_cpsam,rgb_diameter_30,0.5,True,752.934,rgb,True,False,30.0,0.4,0.0,15,86,57,31,26,55,0.543859649122807,0.36046511627906974,0.4335664335664336,0.7418249729406512,0.8460859276757597,-29,29
947c0d94c8213ac7aaa41c4efc95d854246550298259cf1bb489654d0e969050,cellpose_cpsam,rgb_diameter_30,0.5,True,751.989,rgb,True,False,30.0,0.4,0.0,15,64,56,27,29,37,0.48214285714285715,0.421875,0.44999999999999996,0.7312625241915701,0.8396059064743159,-8,8
4e07a653352b30bb95b60ebc6c57afbc7215716224af731c51ff8d430788cd40,cellpose_cpsam,rgb_diameter_30,0.5,True,3993.001,rgb,True,False,30.0,0.4,0.0,15,136,80,60,20,76,0.75,0.4411764705882353,0.5555555555555556,0.7515675699983663,0.8523986062890642,-56,56
2bf594e9d06f78b4b79d7ffb395497a0a91126b6b0d710d7a9cee21f5c3bd177,cellpose_cpsam,rgb_diameter_30,0.5,True,693.848,rgb,True,False,30.0,0.4,0.0,15,23,21,11,10,12,0.5238095238095238,0.4782608695652174,0.5,0.5644176456979352,0.7199791709478308,-2,2
00071198d059ba7f5914a526d124d28e6d010c92466da21d4a04cd5413362552,cellpose_cpsam,rgb_diameter_30,0.5,True,703.256,rgb,True,False,30.0,0.4,0.0,15,27,20,19,1,8,0.95,0.7037037037037037,0.8085106382978724,0.8220991233750667,0.9005869305540292,-7,7
0c6507d493bf79b2ba248c5cca3d14df8b67328b89efa5f4a32f97a06a88c92c,cellpose_cpsam,rgb_diameter_30,0.5,True,708.842,rgb,True,False,30.0,0.4,0.0,15,28,25,25,0,3,1.0,0.8928571428571429,0.9433962264150945,0.932303200137025,0.9640251444085896,-3,3
1b518cd2ea84a389c267662840f3d902d0129fab27696215db2488de6d4316c5,cellpose_cpsam,rgb_diameter_30,0.5,True,2007.938,rgb,True,False,30.0,0.4,0.0,15,76,82,74,8,2,0.9024390243902439,0.9736842105263158,0.9367088607594938,0.9087842320457908,0.9512311762036983,6,6
2817299fd3b88670e86a9db5651ba24333c299d1d41e5491aabfcd95aee84174,cellpose_cpsam,rgb_diameter_30,0.5,True,676.707,rgb,True,False,30.0,0.4,0.0,15,16,17,16,1,0,0.9411764705882353,1.0,0.9696969696969697,0.8890317788889467,0.93884494621054,1,1
33a5b0ff232b425796ee6a9dd5b516ff9aad54ca723b4ec490bf5cd9b2e2a731,cellpose_cpsam,rgb_diameter_30,0.5,True,727.673,rgb,True,False,30.0,0.4,0.0,15,23,18,17,1,6,0.9444444444444444,0.7391304347826086,0.8292682926829269,0.7966713894853751,0.8808343540075955,-5,5
4193474b2f1c72f735b13633b219d9cabdd43c21d9c2bb4dfc4809f104ba4c06,cellpose_cpsam,rgb_diameter_30,0.5,True,717.348,rgb,True,False,30.0,0.4,0.0,15,12,13,11,2,1,0.8461538461538461,0.9166666666666666,0.8799999999999999,0.796225795907988,0.8844717675389944,1,1
5afcbfd0dd64392aa1e233b996d0bfb4354ee7119f30ae111c33d0fe4df11590,cellpose_cpsam,rgb_diameter_30,0.5,True,763.162,rgb,True,False,30.0,0.4,0.0,15,27,25,25,0,2,1.0,0.9259259259259259,0.9615384615384615,0.9167968160784811,0.953500136567953,-2,2
66612c188d73e931e1863af2c99d2af782c32f65fd97d224abb40bbadb87263f,cellpose_cpsam,rgb_diameter_30,0.5,True,685.212,rgb,True,False,30.0,0.4,0.0,15,15,13,13,0,2,1.0,0.8666666666666667,0.9285714285714286,0.9222150848093317,0.9585369926877406,-2,2
76c44d1addac92a65f1331f2d93f4e3b130bd4e538a6e5239c3ac1f4c403608a,cellpose_cpsam,rgb_diameter_30,0.5,True,705.05,rgb,True,False,30.0,0.4,0.0,15,35,35,35,0,0,1.0,1.0,1.0,0.8994454966613153,0.9450399857796979,0,0
853a4c67900c411abd04467f7bc7813d3c58a5f565c8b0807e13c6e6dea21344,cellpose_cpsam,rgb_diameter_30,0.5,True,751.395,rgb,True,False,30.0,0.4,0.0,15,18,17,17,0,1,1.0,0.9444444444444444,0.9714285714285714,0.8770015520501391,0.9325666038773651,-1,1
942d56861fc83e195e9c559a000bb86627d8682f8dcc2300818458e5b6850dd0,cellpose_cpsam,rgb_diameter_30,0.5,True,749.748,rgb,True,False,30.0,0.4,0.0,15,51,53,50,3,1,0.9433962264150944,0.9803921568627451,0.9615384615384616,0.8241971230982713,0.9009807850336319,2,2
a1777737270c5f96c4523dff76e4097756f8f7d4c9d59bac079e31f9510deabd,cellpose_cpsam,rgb_diameter_30,0.5,True,778.082,rgb,True,False,30.0,0.4,0.0,15,26,25,23,2,3,0.92,0.8846153846153846,0.9019607843137256,0.8793740072248017,0.9324851966418161,-1,1
ad473063dab4bf4f2461d9a99a9c0166d4871f156516d9e0a523484e7cf2258d,cellpose_cpsam,rgb_diameter_30,0.5,True,746.788,rgb,True,False,30.0,0.4,0.0,15,84,67,62,5,22,0.9253731343283582,0.7380952380952381,0.8211920529801325,0.7618829768150382,0.8609081738508256,-17,17
b909aa8f6f4bec37c3fb6ff5a85d166162d07983506fcc57be742b0f9dbafbf7,cellpose_cpsam,rgb_diameter_30,0.5,True,714.497,rgb,True,False,30.0,0.4,0.0,15,9,7,5,2,4,0.7142857142857143,0.5555555555555556,0.6250000000000001,0.8236695592986114,0.8972107648668353,-2,2
c6216cdc42f61bc345434986db42e2ef9b9741aee3210b7a808e952e319d2305,cellpose_cpsam,rgb_diameter_30,0.5,True,699.942,rgb,True,False,30.0,0.4,0.0,15,32,30,28,2,4,0.9333333333333333,0.875,0.9032258064516129,0.7725850845000692,0.8692379215523454,-2,2
d7d12a2acc47a94961aeb56fd56e8a0873016af75f5dd10915de9db8af8e4f5e,cellpose_cpsam,rgb_diameter_30,0.5,True,765.78,rgb,True,False,30.0,0.4,0.0,15,22,20,20,0,2,1.0,0.9090909090909091,0.9523809523809523,0.8439993087340524,0.9098292778765161,-2,2
e52960d31f8bddf85400259beb4521383f5ceface1080be3429f2f926cc9b5c2,cellpose_cpsam,rgb_diameter_30,0.5,True,2063.978,rgb,True,False,30.0,0.4,0.0,15,130,133,129,4,1,0.9699248120300752,0.9923076923076923,0.9809885931558935,0.9236446103654711,0.9592265843239006,3,3
f29fd9c52e04403cd2c7d43b6fe2479292e53b2f61969d25256d2d2aca7c6a81,cellpose_cpsam,rgb_diameter_30,0.5,True,3486.209,rgb,True,False,30.0,0.4,0.0,15,199,169,157,12,42,0.9289940828402367,0.7889447236180904,0.8532608695652174,0.7469638388185162,0.8518628813797368,-30,30
ff599c7301daa1f783924ac8cbe3ce7b42878f15a39c2d19659189951f540f48,cellpose_cpsam,rgb_diameter_30,0.5,True,769.735,rgb,True,False,30.0,0.4,0.0,15,24,24,24,0,0,1.0,1.0,1.0,0.9373298374250029,0.9667803785063406,0,0
220b37f4ca7cab486d2b71cd87a46ee7411a5aa142799d96ed98015ab5ba538a,cellpose_cpsam,rgb_diameter_60,0.5,True,251.985,rgb,True,False,60.0,0.4,0.0,15,1,0,0,0,1,0.0,0.0,0.0,0.0,0.0,-1,1
7b38c9173ebe69b4c6ba7e703c0c27f39305d9b2910f46405993d2ea7a963b80,cellpose_cpsam,rgb_diameter_60,0.5,True,342.038,rgb,True,False,60.0,0.4,0.0,15,1,84,0,84,1,0.0,0.0,0.0,0.0,0.0,83,83
84eeec681987753029eb83ea5f3ff7e8b5697783cdb2035f2882d40c9a3f1029,cellpose_cpsam,rgb_diameter_60,0.5,True,297.584,rgb,True,False,60.0,0.4,0.0,15,1,1,0,1,1,0.0,0.0,0.0,0.0,0.0,0,0
93c5638e7e6433b5c9cc87c152bcbe28873d2f9d6a392cca0642520807542a77,cellpose_cpsam,rgb_diameter_60,0.5,True,257.613,rgb,True,False,60.0,0.4,0.0,15,1,0,0,0,1,0.0,0.0,0.0,0.0,0.0,-1,1
e5aeb5b3577abbebe8982b5dd7d22c4257250ad3000661a42f38bf9248d291fd,cellpose_cpsam,rgb_diameter_60,0.5,True,257.086,rgb,True,False,60.0,0.4,0.0,15,2,0,0,0,2,0.0,0.0,0.0,0.0,0.0,-2,2
d1dbc6ee7c44a7027e935d040e496793186b884a1028d0e26284a206c6f5aff0,cellpose_cpsam,rgb_diameter_60,0.5,True,260.978,rgb,True,False,60.0,0.4,0.0,15,17,8,7,1,10,0.875,0.4117647058823529,0.56,0.797338267996089,0.8795458295397298,-9,9
0121d6759c5adb290c8e828fc882f37dfaf3663ec885c663859948c154a443ed,cellpose_cpsam,rgb_diameter_60,0.5,True,325.34,rgb,True,False,60.0,0.4,0.0,15,86,56,30,26,56,0.5357142857142857,0.3488372093023256,0.4225352112676056,0.7253659915258381,0.8357154553290759,-30,30
947c0d94c8213ac7aaa41c4efc95d854246550298259cf1bb489654d0e969050,cellpose_cpsam,rgb_diameter_60,0.5,True,331.943,rgb,True,False,60.0,0.4,0.0,15,64,56,22,34,42,0.39285714285714285,0.34375,0.3666666666666667,0.7412263377919982,0.8479598202485215,-8,8
4e07a653352b30bb95b60ebc6c57afbc7215716224af731c51ff8d430788cd40,cellpose_cpsam,rgb_diameter_60,0.5,True,1724.962,rgb,True,False,60.0,0.4,0.0,15,136,68,47,21,89,0.6911764705882353,0.34558823529411764,0.4607843137254902,0.7610554548379849,0.858118708742309,-68,68
2bf594e9d06f78b4b79d7ffb395497a0a91126b6b0d710d7a9cee21f5c3bd177,cellpose_cpsam,rgb_diameter_60,0.5,True,276.168,rgb,True,False,60.0,0.4,0.0,15,23,21,9,12,14,0.42857142857142855,0.391304347826087,0.4090909090909091,0.5693975481188753,0.7245510343266477,-2,2
00071198d059ba7f5914a526d124d28e6d010c92466da21d4a04cd5413362552,cellpose_cpsam,rgb_diameter_60,0.5,True,287.45,rgb,True,False,60.0,0.4,0.0,15,27,18,17,1,10,0.9444444444444444,0.6296296296296297,0.7555555555555556,0.7810959910352678,0.8729864875363051,-9,9
0c6507d493bf79b2ba248c5cca3d14df8b67328b89efa5f4a32f97a06a88c92c,cellpose_cpsam,rgb_diameter_60,0.5,True,281.52,rgb,True,False,60.0,0.4,0.0,15,28,25,25,0,3,1.0,0.8928571428571429,0.9433962264150945,0.9125292045874273,0.953390478141364,-3,3
1b518cd2ea84a389c267662840f3d902d0129fab27696215db2488de6d4316c5,cellpose_cpsam,rgb_diameter_60,0.5,True,859.095,rgb,True,False,60.0,0.4,0.0,15,76,76,76,0,0,1.0,1.0,1.0,0.8950254888714982,0.9436472375367592,0,0
2817299fd3b88670e86a9db5651ba24333c299d1d41e5491aabfcd95aee84174,cellpose_cpsam,rgb_diameter_60,0.5,True,281.964,rgb,True,False,60.0,0.4,0.0,15,16,16,16,0,0,1.0,1.0,1.0,0.8782280284907138,0.9333038003982749,0,0
33a5b0ff232b425796ee6a9dd5b516ff9aad54ca723b4ec490bf5cd9b2e2a731,cellpose_cpsam,rgb_diameter_60,0.5,True,302.34,rgb,True,False,60.0,0.4,0.0,15,23,18,17,1,6,0.9444444444444444,0.7391304347826086,0.8292682926829269,0.8011068542523434,0.8854824122354286,-5,5
4193474b2f1c72f735b13633b219d9cabdd43c21d9c2bb4dfc4809f104ba4c06,cellpose_cpsam,rgb_diameter_60,0.5,True,319.698,rgb,True,False,60.0,0.4,0.0,15,12,13,11,2,1,0.8461538461538461,0.9166666666666666,0.8799999999999999,0.7616392369632803,0.8618961689411151,1,1
5afcbfd0dd64392aa1e233b996d0bfb4354ee7119f30ae111c33d0fe4df11590,cellpose_cpsam,rgb_diameter_60,0.5,True,390.321,rgb,True,False,60.0,0.4,0.0,15,27,25,25,0,2,1.0,0.9259259259259259,0.9615384615384615,0.9123552837455471,0.9510280409937627,-2,2
66612c188d73e931e1863af2c99d2af782c32f65fd97d224abb40bbadb87263f,cellpose_cpsam,rgb_diameter_60,0.5,True,296.196,rgb,True,False,60.0,0.4,0.0,15,15,13,13,0,2,1.0,0.8666666666666667,0.9285714285714286,0.908122580819584,0.9508296088442746,-2,2
76c44d1addac92a65f1331f2d93f4e3b130bd4e538a6e5239c3ac1f4c403608a,cellpose_cpsam,rgb_diameter_60,0.5,True,300.611,rgb,True,False,60.0,0.4,0.0,15,35,35,35,0,0,1.0,1.0,1.0,0.7864389350791454,0.8786984775628346,0,0
853a4c67900c411abd04467f7bc7813d3c58a5f565c8b0807e13c6e6dea21344,cellpose_cpsam,rgb_diameter_60,0.5,True,325.349,rgb,True,False,60.0,0.4,0.0,15,18,17,17,0,1,1.0,0.9444444444444444,0.9714285714285714,0.8732662874863637,0.9297417736642601,-1,1
942d56861fc83e195e9c559a000bb86627d8682f8dcc2300818458e5b6850dd0,cellpose_cpsam,rgb_diameter_60,0.5,True,333.008,rgb,True,False,60.0,0.4,0.0,15,51,51,50,1,1,0.9803921568627451,0.9803921568627451,0.9803921568627451,0.8074140257077951,0.8906520322206398,0,0
a1777737270c5f96c4523dff76e4097756f8f7d4c9d59bac079e31f9510deabd,cellpose_cpsam,rgb_diameter_60,0.5,True,350.693,rgb,True,False,60.0,0.4,0.0,15,26,25,23,2,3,0.92,0.8846153846153846,0.9019607843137256,0.8832295268406142,0.9350367943462387,-1,1
ad473063dab4bf4f2461d9a99a9c0166d4871f156516d9e0a523484e7cf2258d,cellpose_cpsam,rgb_diameter_60,0.5,True,321.073,rgb,True,False,60.0,0.4,0.0,15,84,60,50,10,34,0.8333333333333334,0.5952380952380952,0.6944444444444444,0.7161288541854742,0.8307514006828035,-24,24
b909aa8f6f4bec37c3fb6ff5a85d166162d07983506fcc57be742b0f9dbafbf7,cellpose_cpsam,rgb_diameter_60,0.5,True,309.515,rgb,True,False,60.0,0.4,0.0,15,9,7,5,2,4,0.7142857142857143,0.5555555555555556,0.6250000000000001,0.7992753985661147,0.883328065604525,-2,2
c6216cdc42f61bc345434986db42e2ef9b9741aee3210b7a808e952e319d2305,cellpose_cpsam,rgb_diameter_60,0.5,True,269.96,rgb,True,False,60.0,0.4,0.0,15,32,22,14,8,18,0.6363636363636364,0.4375,0.5185185185185185,0.6972704129951165,0.8190606716316883,-10,10
d7d12a2acc47a94961aeb56fd56e8a0873016af75f5dd10915de9db8af8e4f5e,cellpose_cpsam,rgb_diameter_60,0.5,True,315.108,rgb,True,False,60.0,0.4,0.0,15,22,18,18,0,4,1.0,0.8181818181818182,0.9,0.8579440104916815,0.9178773393185092,-4,4
e52960d31f8bddf85400259beb4521383f5ceface1080be3429f2f926cc9b5c2,cellpose_cpsam,rgb_diameter_60,0.5,True,913.768,rgb,True,False,60.0,0.4,0.0,15,130,129,128,1,2,0.9922480620155039,0.9846153846153847,0.9884169884169884,0.9226491114381052,0.9590729611831803,-1,1
f29fd9c52e04403cd2c7d43b6fe2479292e53b2f61969d25256d2d2aca7c6a81,cellpose_cpsam,rgb_diameter_60,0.5,True,1541.397,rgb,True,False,60.0,0.4,0.0,15,199,163,149,14,50,0.9141104294478528,0.7487437185929648,0.8232044198895028,0.7383556835690965,0.8463883774538686,-36,36
ff599c7301daa1f783924ac8cbe3ce7b42878f15a39c2d19659189951f540f48,cellpose_cpsam,rgb_diameter_60,0.5,True,352.298,rgb,True,False,60.0,0.4,0.0,15,24,24,24,0,0,1.0,1.0,1.0,0.9301637204971737,0.9623387768998705,0,0
