split,model_key,image_id,source_image_path,checkpoint,iou_threshold,conf,imgsz,latency_ms,true_instances,pred_instances,matched_instances,false_positives,false_negatives,precision,recall,object_f1,mean_matched_iou,mean_matched_dice,count_error,absolute_count_error
val,yolo11m,c9f305be17312bdb9530fb4f1adc6d29730ddbe0e74730cbf031de174bf437b7,/home/user/cellseg-robustness-diagnostic/data/raw/dsb2018/stage1_train/c9f305be17312bdb9530fb4f1adc6d29730ddbe0e74730cbf031de174bf437b7/images/c9f305be17312bdb9530fb4f1adc6d29730ddbe0e74730cbf031de174bf437b7.png,results/supervised/yolo_capacity_diagnostic_train_runs/yolo11m/weights/best.pt,0.5,0.25,512,2158.29,20,19,19,0,1,1.0,0.95,0.9743589743589743,0.9340552176694243,0.9652555668937357,-1,1
val,yolo11m,cab4875269f44a701c5e58190a1d2f6fcb577ea79d842522dcab20ccb39b7ad2,/home/user/cellseg-robustness-diagnostic/data/raw/dsb2018/stage1_train/cab4875269f44a701c5e58190a1d2f6fcb577ea79d842522dcab20ccb39b7ad2/images/cab4875269f44a701c5e58190a1d2f6fcb577ea79d842522dcab20ccb39b7ad2.png,results/supervised/yolo_capacity_diagnostic_train_runs/yolo11m/weights/best.pt,0.5,0.25,512,37.094,14,15,14,1,0,0.9333333333333333,1.0,0.9655172413793104,0.8811959518595679,0.9361240296001517,1,1
val,yolo11m,cb4df20a83b2f38b394c67f1d9d4aef29f9794d5345da3576318374ec3a11490,/home/user/cellseg-robustness-diagnostic/data/raw/dsb2018/stage1_train/cb4df20a83b2f38b394c67f1d9d4aef29f9794d5345da3576318374ec3a11490/images/cb4df20a83b2f38b394c67f1d9d4aef29f9794d5345da3576318374ec3a11490.png,results/supervised/yolo_capacity_diagnostic_train_runs/yolo11m/weights/best.pt,0.5,0.25,512,197.954,250,189,35,154,215,0.18518518518518517,0.14,0.15945330296127563,0.5883162695428864,0.7390207318920492,-61,61
val,yolo11m,cbca32daaae36a872a11da4eaff65d1068ff3f154eedc9d3fc0c214a4e5d32bd,/home/user/cellseg-robustness-diagnostic/data/raw/dsb2018/stage1_train/cbca32daaae36a872a11da4eaff65d1068ff3f154eedc9d3fc0c214a4e5d32bd/images/cbca32daaae36a872a11da4eaff65d1068ff3f154eedc9d3fc0c214a4e5d32bd.png,results/supervised/yolo_capacity_diagnostic_train_runs/yolo11m/weights/best.pt,0.5,0.25,512,84.693,112,116,98,18,14,0.8448275862068966,0.875,0.8596491228070176,0.7886142588939472,0.8781260150960662,4,4
val,yolo11m,cbff60361ded0570e5d50429a1aa51d81471819bc9b38359f03cfef76de0038c,/home/user/cellseg-robustness-diagnostic/data/raw/dsb2018/stage1_train/cbff60361ded0570e5d50429a1aa51d81471819bc9b38359f03cfef76de0038c/images/cbff60361ded0570e5d50429a1aa51d81471819bc9b38359f03cfef76de0038c.png,results/supervised/yolo_capacity_diagnostic_train_runs/yolo11m/weights/best.pt,0.5,0.25,512,40.503,76,81,64,17,12,0.7901234567901234,0.8421052631578947,0.8152866242038217,0.7822600876675041,0.8744439526691572,5,5
val,yolo11m,cc88627344305b9a9b07f8bd042cb074c7a834c13de67ff4b24914ac68f07f6e,/home/user/cellseg-robustness-diagnostic/data/raw/dsb2018/stage1_train/cc88627344305b9a9b07f8bd042cb074c7a834c13de67ff4b24914ac68f07f6e/images/cc88627344305b9a9b07f8bd042cb074c7a834c13de67ff4b24914ac68f07f6e.png,results/supervised/yolo_capacity_diagnostic_train_runs/yolo11m/weights/best.pt,0.5,0.25,512,100.13,135,140,133,7,2,0.95,0.9851851851851852,0.9672727272727272,0.8588258178462326,0.9232307976094577,5,5
val,yolo11m,cdab367b30db47061df837c1ae9fa875d6057614f797332d37d3513517d6c694,/home/user/cellseg-robustness-diagnostic/data/raw/dsb2018/stage1_train/cdab367b30db47061df837c1ae9fa875d6057614f797332d37d3513517d6c694/images/cdab367b30db47061df837c1ae9fa875d6057614f797332d37d3513517d6c694.png,results/supervised/yolo_capacity_diagnostic_train_runs/yolo11m/weights/best.pt,0.5,0.25,512,40.591,22,25,22,3,0,0.88,1.0,0.9361702127659575,0.9077807216871235,0.948919012390039,3,3
val,yolo11m,ce37f6dd0615d45e66e41a8f2ed6fbc0bbe3103a290394ad474207507710eacc,/home/user/cellseg-robustness-diagnostic/data/raw/dsb2018/stage1_train/ce37f6dd0615d45e66e41a8f2ed6fbc0bbe3103a290394ad474207507710eacc/images/ce37f6dd0615d45e66e41a8f2ed6fbc0bbe3103a290394ad474207507710eacc.png,results/supervised/yolo_capacity_diagnostic_train_runs/yolo11m/weights/best.pt,0.5,0.25,512,36.805,8,8,8,0,0,1.0,1.0,1.0,0.8372263954684411,0.91028958839912,0,0
val,yolo11m,ce88df7356d9d4a8d5944a93768f4c4b593de2d35616f7448c2b37b9fd60dd1f,/home/user/cellseg-robustness-diagnostic/data/raw/dsb2018/stage1_train/ce88df7356d9d4a8d5944a93768f4c4b593de2d35616f7448c2b37b9fd60dd1f/images/ce88df7356d9d4a8d5944a93768f4c4b593de2d35616f7448c2b37b9fd60dd1f.png,results/supervised/yolo_capacity_diagnostic_train_runs/yolo11m/weights/best.pt,0.5,0.25,512,40.37,58,58,53,5,5,0.9137931034482759,0.9137931034482759,0.9137931034482759,0.8169785574689229,0.8967300880693005,0,0
val,yolo11m,ce9e1a58b58940039ae841466198b72ea21cc90584039a9294b47f5aef17ddfa,/home/user/cellseg-robustness-diagnostic/data/raw/dsb2018/stage1_train/ce9e1a58b58940039ae841466198b72ea21cc90584039a9294b47f5aef17ddfa/images/ce9e1a58b58940039ae841466198b72ea21cc90584039a9294b47f5aef17ddfa.png,results/supervised/yolo_capacity_diagnostic_train_runs/yolo11m/weights/best.pt,0.5,0.25,512,38.411,32,30,27,3,5,0.9,0.84375,0.870967741935484,0.8507103332703359,0.9170066100860322,-2,2
val,yolo11m,cf26c41245febfe67c2a1682cc4ee8752ee40ae3e49610314f45923b8bf5b08a,/home/user/cellseg-robustness-diagnostic/data/raw/dsb2018/stage1_train/cf26c41245febfe67c2a1682cc4ee8752ee40ae3e49610314f45923b8bf5b08a/images/cf26c41245febfe67c2a1682cc4ee8752ee40ae3e49610314f45923b8bf5b08a.png,results/supervised/yolo_capacity_diagnostic_train_runs/yolo11m/weights/best.pt,0.5,0.25,512,39.437,40,40,39,1,1,0.975,0.975,0.975,0.8020539620744764,0.8888779883176375,0,0
val,yolo11m,cfabf7379c5591d40aa4a20c86b4197c6a25ab55887a9fca4f06c2dfc0f0e973,/home/user/cellseg-robustness-diagnostic/data/raw/dsb2018/stage1_train/cfabf7379c5591d40aa4a20c86b4197c6a25ab55887a9fca4f06c2dfc0f0e973/images/cfabf7379c5591d40aa4a20c86b4197c6a25ab55887a9fca4f06c2dfc0f0e973.png,results/supervised/yolo_capacity_diagnostic_train_runs/yolo11m/weights/best.pt,0.5,0.25,512,39.183,25,25,23,2,2,0.92,0.92,0.92,0.9005732241905268,0.9449071549935949,0,0
val,yolo11m,d0f2a00d3155c243048bc48944aef93fb08e2258d1fa5f9ccadd9140082bc22f,/home/user/cellseg-robustness-diagnostic/data/raw/dsb2018/stage1_train/d0f2a00d3155c243048bc48944aef93fb08e2258d1fa5f9ccadd9140082bc22f/images/d0f2a00d3155c243048bc48944aef93fb08e2258d1fa5f9ccadd9140082bc22f.png,results/supervised/yolo_capacity_diagnostic_train_runs/yolo11m/weights/best.pt,0.5,0.25,512,39.149,29,26,24,2,5,0.9230769230769231,0.8275862068965517,0.8727272727272727,0.8907589956402006,0.9396481671652536,-3,3
val,yolo11m,d1b173875e2261f55014bd27bd7174b9ae1c769338c1b31b5d737e9e60175993,/home/user/cellseg-robustness-diagnostic/data/raw/dsb2018/stage1_train/d1b173875e2261f55014bd27bd7174b9ae1c769338c1b31b5d737e9e60175993/images/d1b173875e2261f55014bd27bd7174b9ae1c769338c1b31b5d737e9e60175993.png,results/supervised/yolo_capacity_diagnostic_train_runs/yolo11m/weights/best.pt,0.5,0.25,512,37.671,9,9,9,0,0,1.0,1.0,1.0,0.8753114667330442,0.9328744136103114,0,0
val,yolo11m,d1ba6089cae2f90cb7275ece10ca393c25f60ea17e5c9c3cea2399d31fd41869,/home/user/cellseg-robustness-diagnostic/data/raw/dsb2018/stage1_train/d1ba6089cae2f90cb7275ece10ca393c25f60ea17e5c9c3cea2399d31fd41869/images/d1ba6089cae2f90cb7275ece10ca393c25f60ea17e5c9c3cea2399d31fd41869.png,results/supervised/yolo_capacity_diagnostic_train_runs/yolo11m/weights/best.pt,0.5,0.25,512,37.751,22,25,18,7,4,0.72,0.8181818181818182,0.7659574468085107,0.7841268830983527,0.8765468419066746,3,3
val,yolo11m,d1dbc6ee7c44a7027e935d040e496793186b884a1028d0e26284a206c6f5aff0,/home/user/cellseg-robustness-diagnostic/data/raw/dsb2018/stage1_train/d1dbc6ee7c44a7027e935d040e496793186b884a1028d0e26284a206c6f5aff0/images/d1dbc6ee7c44a7027e935d040e496793186b884a1028d0e26284a206c6f5aff0.png,results/supervised/yolo_capacity_diagnostic_train_runs/yolo11m/weights/best.pt,0.5,0.25,512,37.433,17,14,11,3,6,0.7857142857142857,0.6470588235294118,0.7096774193548386,0.7969593702157275,0.8809916910283472,-3,3
val,yolo11m,d256b32adda37f2301c9e46f34b7f9a36cce273256369ceb5dc2c73c3007e3c4,/home/user/cellseg-robustness-diagnostic/data/raw/dsb2018/stage1_train/d256b32adda37f2301c9e46f34b7f9a36cce273256369ceb5dc2c73c3007e3c4/images/d256b32adda37f2301c9e46f34b7f9a36cce273256369ceb5dc2c73c3007e3c4.png,results/supervised/yolo_capacity_diagnostic_train_runs/yolo11m/weights/best.pt,0.5,0.25,512,36.946,33,44,25,19,8,0.5681818181818182,0.7575757575757576,0.6493506493506495,0.756265782086135,0.8580442817397491,11,11
val,yolo11m,d2815f2f616d92be35c7e8dcfe592deec88516aef9ffc9b21257f52b7d6d0354,/home/user/cellseg-robustness-diagnostic/data/raw/dsb2018/stage1_train/d2815f2f616d92be35c7e8dcfe592deec88516aef9ffc9b21257f52b7d6d0354/images/d2815f2f616d92be35c7e8dcfe592deec88516aef9ffc9b21257f52b7d6d0354.png,results/supervised/yolo_capacity_diagnostic_train_runs/yolo11m/weights/best.pt,0.5,0.25,512,39.858,14,18,14,4,0,0.7777777777777778,1.0,0.8750000000000001,0.8730497745287363,0.9315905993525634,4,4
val,yolo11m,d2ce593bddf9998ce3b76328c0151d0ba4b644c293aca7f6254e521c448b305f,/home/user/cellseg-robustness-diagnostic/data/raw/dsb2018/stage1_train/d2ce593bddf9998ce3b76328c0151d0ba4b644c293aca7f6254e521c448b305f/images/d2ce593bddf9998ce3b76328c0151d0ba4b644c293aca7f6254e521c448b305f.png,results/supervised/yolo_capacity_diagnostic_train_runs/yolo11m/weights/best.pt,0.5,0.25,512,36.848,12,11,11,0,1,1.0,0.9166666666666666,0.9565217391304348,0.8519792570757597,0.9160256522877579,-1,1
val,yolo11m,d32ea6d318626ca14a967d0c1ad3218aebfe636624a8d1173f5150dde8ff38cf,/home/user/cellseg-robustness-diagnostic/data/raw/dsb2018/stage1_train/d32ea6d318626ca14a967d0c1ad3218aebfe636624a8d1173f5150dde8ff38cf/images/d32ea6d318626ca14a967d0c1ad3218aebfe636624a8d1173f5150dde8ff38cf.png,results/supervised/yolo_capacity_diagnostic_train_runs/yolo11m/weights/best.pt,0.5,0.25,512,36.662,10,10,10,0,0,1.0,1.0,1.0,0.8923562105662259,0.9427905766676041,0,0
val,yolo11m,d35f25c8e3f7fca5232fc4d5e3faf14b025b20b3731af77fe971a5e2e9d69d28,/home/user/cellseg-robustness-diagnostic/data/raw/dsb2018/stage1_train/d35f25c8e3f7fca5232fc4d5e3faf14b025b20b3731af77fe971a5e2e9d69d28/images/d35f25c8e3f7fca5232fc4d5e3faf14b025b20b3731af77fe971a5e2e9d69d28.png,results/supervised/yolo_capacity_diagnostic_train_runs/yolo11m/weights/best.pt,0.5,0.25,512,39.301,35,34,34,0,1,1.0,0.9714285714285714,0.9855072463768115,0.8842122424904136,0.9379025521991761,-1,1
val,yolo11m,d3ce382f190ee24729bd2e80684c11bef72bc9c733cdbbc19a17d2c1b2e775f7,/home/user/cellseg-robustness-diagnostic/data/raw/dsb2018/stage1_train/d3ce382f190ee24729bd2e80684c11bef72bc9c733cdbbc19a17d2c1b2e775f7/images/d3ce382f190ee24729bd2e80684c11bef72bc9c733cdbbc19a17d2c1b2e775f7.png,results/supervised/yolo_capacity_diagnostic_train_runs/yolo11m/weights/best.pt,0.5,0.25,512,36.082,8,7,7,0,1,1.0,0.875,0.9333333333333333,0.8205298667544595,0.8992798180284687,-1,1
val,yolo11m,d4d6c683f249d82518431603bf0206d05f2114ac871a99ffade0f5f61cf167e1,/home/user/cellseg-robustness-diagnostic/data/raw/dsb2018/stage1_train/d4d6c683f249d82518431603bf0206d05f2114ac871a99ffade0f5f61cf167e1/images/d4d6c683f249d82518431603bf0206d05f2114ac871a99ffade0f5f61cf167e1.png,results/supervised/yolo_capacity_diagnostic_train_runs/yolo11m/weights/best.pt,0.5,0.25,512,40.523,10,10,10,0,0,1.0,1.0,1.0,0.8738791498654906,0.9324538060299903,0,0
val,yolo11m,d4d88391bc399a3715440d4da9f8b7a973e010dc1edd9551df2e5a538685add5,/home/user/cellseg-robustness-diagnostic/data/raw/dsb2018/stage1_train/d4d88391bc399a3715440d4da9f8b7a973e010dc1edd9551df2e5a538685add5/images/d4d88391bc399a3715440d4da9f8b7a973e010dc1edd9551df2e5a538685add5.png,results/supervised/yolo_capacity_diagnostic_train_runs/yolo11m/weights/best.pt,0.5,0.25,512,40.116,24,23,20,3,4,0.8695652173913043,0.8333333333333334,0.851063829787234,0.8979408958319363,0.9452959991806628,-1,1
val,yolo11m,d52958107d0b1f0288f50f346a833df3df485b92d5516cfcb536e73ab7adafd0,/home/user/cellseg-robustness-diagnostic/data/raw/dsb2018/stage1_train/d52958107d0b1f0288f50f346a833df3df485b92d5516cfcb536e73ab7adafd0/images/d52958107d0b1f0288f50f346a833df3df485b92d5516cfcb536e73ab7adafd0.png,results/supervised/yolo_capacity_diagnostic_train_runs/yolo11m/weights/best.pt,0.5,0.25,512,54.198,126,124,124,0,2,1.0,0.9841269841269841,0.9919999999999999,0.8627393484922925,0.9254818337823307,-2,2
val,yolo11m,d6a880b1f6056f3086679de5c810e7af87cdf3bbbd0533a83e3681817fce40fc,/home/user/cellseg-robustness-diagnostic/data/raw/dsb2018/stage1_train/d6a880b1f6056f3086679de5c810e7af87cdf3bbbd0533a83e3681817fce40fc/images/d6a880b1f6056f3086679de5c810e7af87cdf3bbbd0533a83e3681817fce40fc.png,results/supervised/yolo_capacity_diagnostic_train_runs/yolo11m/weights/best.pt,0.5,0.25,512,42.058,77,68,52,16,25,0.7647058823529411,0.6753246753246753,0.7172413793103448,0.8338510099228904,0.9065072344373564,-9,9
val,yolo11m,d751ccb64fa767a65a966061218438bd1860695d96bbef11fdb2f0d3b8dedba8,/home/user/cellseg-robustness-diagnostic/data/raw/dsb2018/stage1_train/d751ccb64fa767a65a966061218438bd1860695d96bbef11fdb2f0d3b8dedba8/images/d751ccb64fa767a65a966061218438bd1860695d96bbef11fdb2f0d3b8dedba8.png,results/supervised/yolo_capacity_diagnostic_train_runs/yolo11m/weights/best.pt,0.5,0.25,512,39.892,28,27,22,5,6,0.8148148148148148,0.7857142857142857,0.7999999999999999,0.9168026081932591,0.9561237022897785,-1,1
val,yolo11m,d7d12a2acc47a94961aeb56fd56e8a0873016af75f5dd10915de9db8af8e4f5e,/home/user/cellseg-robustness-diagnostic/data/raw/dsb2018/stage1_train/d7d12a2acc47a94961aeb56fd56e8a0873016af75f5dd10915de9db8af8e4f5e/images/d7d12a2acc47a94961aeb56fd56e8a0873016af75f5dd10915de9db8af8e4f5e.png,results/supervised/yolo_capacity_diagnostic_train_runs/yolo11m/weights/best.pt,0.5,0.25,512,38.317,22,21,19,2,3,0.9047619047619048,0.8636363636363636,0.8837209302325582,0.8163877802544256,0.8928168373255736,-1,1
val,yolo11m,d7db360fabfce9828559a21f6bffff589ae868e0dc6101d7c1212de34a25e3cb,/home/user/cellseg-robustness-diagnostic/data/raw/dsb2018/stage1_train/d7db360fabfce9828559a21f6bffff589ae868e0dc6101d7c1212de34a25e3cb/images/d7db360fabfce9828559a21f6bffff589ae868e0dc6101d7c1212de34a25e3cb.png,results/supervised/yolo_capacity_diagnostic_train_runs/yolo11m/weights/best.pt,0.5,0.25,512,38.414,27,26,22,4,5,0.8461538461538461,0.8148148148148148,0.830188679245283,0.8638448426568096,0.921464610732572,-1,1
val,yolo11m,d7ec8003735996458b56ccb8ae34d080eb2a6adabef931323239632515b4b220,/home/user/cellseg-robustness-diagnostic/data/raw/dsb2018/stage1_train/d7ec8003735996458b56ccb8ae34d080eb2a6adabef931323239632515b4b220/images/d7ec8003735996458b56ccb8ae34d080eb2a6adabef931323239632515b4b220.png,results/supervised/yolo_capacity_diagnostic_train_runs/yolo11m/weights/best.pt,0.5,0.25,512,36.106,7,7,7,0,0,1.0,1.0,1.0,0.8150499224079876,0.89717834301424,0,0
val,yolo11m,d7fc0d0a7339211f2433829c6553b762e2b9ef82cfe218d58ecae6643fa8e9c7,/home/user/cellseg-robustness-diagnostic/data/raw/dsb2018/stage1_train/d7fc0d0a7339211f2433829c6553b762e2b9ef82cfe218d58ecae6643fa8e9c7/images/d7fc0d0a7339211f2433829c6553b762e2b9ef82cfe218d58ecae6643fa8e9c7.png,results/supervised/yolo_capacity_diagnostic_train_runs/yolo11m/weights/best.pt,0.5,0.25,512,37.125,18,20,18,2,0,0.9,1.0,0.9473684210526316,0.8665979372446048,0.9272702870554494,2,2
val,yolo11m,d827a7d80fc67487a3237135e0d43ae01b7bbcb135e1a167601fc974a8348c51,/home/user/cellseg-robustness-diagnostic/data/raw/dsb2018/stage1_train/d827a7d80fc67487a3237135e0d43ae01b7bbcb135e1a167601fc974a8348c51/images/d827a7d80fc67487a3237135e0d43ae01b7bbcb135e1a167601fc974a8348c51.png,results/supervised/yolo_capacity_diagnostic_train_runs/yolo11m/weights/best.pt,0.5,0.25,512,39.13,29,43,24,19,5,0.5581395348837209,0.8275862068965517,0.6666666666666666,0.7683536217908266,0.8677060574493526,14,14
val,yolo11m,d8607b21411c9c8ab532faaeba15f8818a92025897950f94ee4da4f74f53660a,/home/user/cellseg-robustness-diagnostic/data/raw/dsb2018/stage1_train/d8607b21411c9c8ab532faaeba15f8818a92025897950f94ee4da4f74f53660a/images/d8607b21411c9c8ab532faaeba15f8818a92025897950f94ee4da4f74f53660a.png,results/supervised/yolo_capacity_diagnostic_train_runs/yolo11m/weights/best.pt,0.5,0.25,512,38.994,24,23,23,0,1,1.0,0.9583333333333334,0.9787234042553191,0.915005660525889,0.955463319403367,-1,1
val,yolo11m,d910b2b1be8406caecfe31a503d412ffc4e3d488286242ebc7381836121dd4ef,/home/user/cellseg-robustness-diagnostic/data/raw/dsb2018/stage1_train/d910b2b1be8406caecfe31a503d412ffc4e3d488286242ebc7381836121dd4ef/images/d910b2b1be8406caecfe31a503d412ffc4e3d488286242ebc7381836121dd4ef.png,results/supervised/yolo_capacity_diagnostic_train_runs/yolo11m/weights/best.pt,0.5,0.25,512,37.256,24,18,16,2,8,0.8888888888888888,0.6666666666666666,0.761904761904762,0.8407435719163083,0.9077675745833242,-6,6
val,yolo11m,da31f2aa8601afec5c45180a2c448cb9c4a8ec7b35e75190d6ba3588f69058c8,/home/user/cellseg-robustness-diagnostic/data/raw/dsb2018/stage1_train/da31f2aa8601afec5c45180a2c448cb9c4a8ec7b35e75190d6ba3588f69058c8/images/da31f2aa8601afec5c45180a2c448cb9c4a8ec7b35e75190d6ba3588f69058c8.png,results/supervised/yolo_capacity_diagnostic_train_runs/yolo11m/weights/best.pt,0.5,0.25,512,44.37,62,55,49,6,13,0.8909090909090909,0.7903225806451613,0.8376068376068375,0.8631469072224903,0.9244740205282868,-7,7
val,yolo11m,da5f98f2b8a64eee735a398de48ed42cd31bf17a6063db46a9e0783ac13cd844,/home/user/cellseg-robustness-diagnostic/data/raw/dsb2018/stage1_train/da5f98f2b8a64eee735a398de48ed42cd31bf17a6063db46a9e0783ac13cd844/images/da5f98f2b8a64eee735a398de48ed42cd31bf17a6063db46a9e0783ac13cd844.png,results/supervised/yolo_capacity_diagnostic_train_runs/yolo11m/weights/best.pt,0.5,0.25,512,53.145,140,131,126,5,14,0.9618320610687023,0.9,0.929889298892989,0.8327636878949726,0.9072139761549716,-9,9
val,yolo11m,da79a2b105f055ce75404a04bf53bbb51d518d9381af7b4ac714c137f101d920,/home/user/cellseg-robustness-diagnostic/data/raw/dsb2018/stage1_train/da79a2b105f055ce75404a04bf53bbb51d518d9381af7b4ac714c137f101d920/images/da79a2b105f055ce75404a04bf53bbb51d518d9381af7b4ac714c137f101d920.png,results/supervised/yolo_capacity_diagnostic_train_runs/yolo11m/weights/best.pt,0.5,0.25,512,41.38,55,45,41,4,14,0.9111111111111111,0.7454545454545455,0.8200000000000001,0.7943450912016429,0.8838992387016561,-10,10
val,yolo11m,da8ca06ccbb4e2a8718f7c2939ef6cc3a4088981f660842ad885a8273e740d55,/home/user/cellseg-robustness-diagnostic/data/raw/dsb2018/stage1_train/da8ca06ccbb4e2a8718f7c2939ef6cc3a4088981f660842ad885a8273e740d55/images/da8ca06ccbb4e2a8718f7c2939ef6cc3a4088981f660842ad885a8273e740d55.png,results/supervised/yolo_capacity_diagnostic_train_runs/yolo11m/weights/best.pt,0.5,0.25,512,40.868,60,60,59,1,1,0.9833333333333333,0.9833333333333333,0.9833333333333333,0.8561961156890235,0.9216374943441562,0,0
val,yolo11m,dabfee30b46d23569c63fa7253ef10b2407fbe8023035a5030252313cb718097,/home/user/cellseg-robustness-diagnostic/data/raw/dsb2018/stage1_train/dabfee30b46d23569c63fa7253ef10b2407fbe8023035a5030252313cb718097/images/dabfee30b46d23569c63fa7253ef10b2407fbe8023035a5030252313cb718097.png,results/supervised/yolo_capacity_diagnostic_train_runs/yolo11m/weights/best.pt,0.5,0.25,512,36.492,10,10,10,0,0,1.0,1.0,1.0,0.8602633831530572,0.9237230882942571,0,0
val,yolo11m,dad607a203483439fcbc2acecd0a39fb5e5a94a32a94348f5c802c79cfeb6e7c,/home/user/cellseg-robustness-diagnostic/data/raw/dsb2018/stage1_train/dad607a203483439fcbc2acecd0a39fb5e5a94a32a94348f5c802c79cfeb6e7c/images/dad607a203483439fcbc2acecd0a39fb5e5a94a32a94348f5c802c79cfeb6e7c.png,results/supervised/yolo_capacity_diagnostic_train_runs/yolo11m/weights/best.pt,0.5,0.25,512,41.903,50,52,50,2,0,0.9615384615384616,1.0,0.9803921568627451,0.8617328544016835,0.9251218713168475,2,2
val,yolo11m,dae976f161fe42dc58dee87d4bf2eb9f65736597cab0114138641b2a39a5c42b,/home/user/cellseg-robustness-diagnostic/data/raw/dsb2018/stage1_train/dae976f161fe42dc58dee87d4bf2eb9f65736597cab0114138641b2a39a5c42b/images/dae976f161fe42dc58dee87d4bf2eb9f65736597cab0114138641b2a39a5c42b.png,results/supervised/yolo_capacity_diagnostic_train_runs/yolo11m/weights/best.pt,0.5,0.25,512,40.632,31,36,22,14,9,0.6111111111111112,0.7096774193548387,0.6567164179104478,0.775597886190332,0.8701873562615073,5,5
val,yolo11m,db45946a4412a2137674ec075b6892ccd682b77826aba618210569bbc65cf2b0,/home/user/cellseg-robustness-diagnostic/data/raw/dsb2018/stage1_train/db45946a4412a2137674ec075b6892ccd682b77826aba618210569bbc65cf2b0/images/db45946a4412a2137674ec075b6892ccd682b77826aba618210569bbc65cf2b0.png,results/supervised/yolo_capacity_diagnostic_train_runs/yolo11m/weights/best.pt,0.5,0.25,512,38.505,21,23,21,2,0,0.9130434782608695,1.0,0.9545454545454545,0.8767407033031444,0.933389610752818,2,2
val,yolo11m,dbbfe08a52688d0ac8de9161cbb17cb201e3991aacab8ab8a77fe0e203a69481,/home/user/cellseg-robustness-diagnostic/data/raw/dsb2018/stage1_train/dbbfe08a52688d0ac8de9161cbb17cb201e3991aacab8ab8a77fe0e203a69481/images/dbbfe08a52688d0ac8de9161cbb17cb201e3991aacab8ab8a77fe0e203a69481.png,results/supervised/yolo_capacity_diagnostic_train_runs/yolo11m/weights/best.pt,0.5,0.25,512,40.861,38,53,31,22,7,0.5849056603773585,0.8157894736842105,0.6813186813186812,0.7584845772130756,0.8591666719968305,15,15
val,yolo11m,dbe5ad05b6f87018159a3228c1d1725892a1bfb9fa9f8fcc2e8bfe70d69d0355,/home/user/cellseg-robustness-diagnostic/data/raw/dsb2018/stage1_train/dbe5ad05b6f87018159a3228c1d1725892a1bfb9fa9f8fcc2e8bfe70d69d0355/images/dbe5ad05b6f87018159a3228c1d1725892a1bfb9fa9f8fcc2e8bfe70d69d0355.png,results/supervised/yolo_capacity_diagnostic_train_runs/yolo11m/weights/best.pt,0.5,0.25,512,41.094,17,21,16,5,1,0.7619047619047619,0.9411764705882353,0.8421052631578947,0.8972843298585496,0.9454206261930704,4,4
val,yolo11m,dd54adb80393de7769b9853c0aa2ee9b240905d0e99c59d4ccd99401f327aa05,/home/user/cellseg-robustness-diagnostic/data/raw/dsb2018/stage1_train/dd54adb80393de7769b9853c0aa2ee9b240905d0e99c59d4ccd99401f327aa05/images/dd54adb80393de7769b9853c0aa2ee9b240905d0e99c59d4ccd99401f327aa05.png,results/supervised/yolo_capacity_diagnostic_train_runs/yolo11m/weights/best.pt,0.5,0.25,512,56.404,141,140,133,7,8,0.95,0.9432624113475178,0.9466192170818505,0.8513574147959038,0.9185105983944961,-1,1
val,yolo11m,ddf1bf458312de2895dd9cc5ce7ec9d334ad54c35edc96ad6001d20b1d8588d8,/home/user/cellseg-robustness-diagnostic/data/raw/dsb2018/stage1_train/ddf1bf458312de2895dd9cc5ce7ec9d334ad54c35edc96ad6001d20b1d8588d8/images/ddf1bf458312de2895dd9cc5ce7ec9d334ad54c35edc96ad6001d20b1d8588d8.png,results/supervised/yolo_capacity_diagnostic_train_runs/yolo11m/weights/best.pt,0.5,0.25,512,44.326,30,30,21,9,9,0.7,0.7,0.7,0.7567850923156547,0.8584156604620532,0,0
val,yolo11m,dec1764c00e8b3c4bf1fc7a2fda341279218ff894186b0c2664128348683c757,/home/user/cellseg-robustness-diagnostic/data/raw/dsb2018/stage1_train/dec1764c00e8b3c4bf1fc7a2fda341279218ff894186b0c2664128348683c757/images/dec1764c00e8b3c4bf1fc7a2fda341279218ff894186b0c2664128348683c757.png,results/supervised/yolo_capacity_diagnostic_train_runs/yolo11m/weights/best.pt,0.5,0.25,512,41.556,21,20,17,3,4,0.85,0.8095238095238095,0.8292682926829269,0.8805886385343427,0.9339100837213443,-1,1
val,yolo11m,df33b11184427e05c8a450f921586685975fe975f57315e686a0f26fddb93db1,/home/user/cellseg-robustness-diagnostic/data/raw/dsb2018/stage1_train/df33b11184427e05c8a450f921586685975fe975f57315e686a0f26fddb93db1/images/df33b11184427e05c8a450f921586685975fe975f57315e686a0f26fddb93db1.png,results/supervised/yolo_capacity_diagnostic_train_runs/yolo11m/weights/best.pt,0.5,0.25,512,42.686,47,49,41,8,6,0.8367346938775511,0.8723404255319149,0.8541666666666667,0.7745006101585141,0.8678601590202474,2,2
val,yolo11m,df53d0b6c2c4e45d759b2c474011e2b2b32552cd100ca4b22388ab9ca1750ee2,/home/user/cellseg-robustness-diagnostic/data/raw/dsb2018/stage1_train/df53d0b6c2c4e45d759b2c474011e2b2b32552cd100ca4b22388ab9ca1750ee2/images/df53d0b6c2c4e45d759b2c474011e2b2b32552cd100ca4b22388ab9ca1750ee2.png,results/supervised/yolo_capacity_diagnostic_train_runs/yolo11m/weights/best.pt,0.5,0.25,512,41.213,80,81,67,14,13,0.8271604938271605,0.8375,0.8322981366459627,0.8087875599995932,0.8901797716730222,1,1
val,yolo11m,df5cdd0ebe1bdf8dc870bc294b8f08961e083bc7f9be69e268454aa9091808b9,/home/user/cellseg-robustness-diagnostic/data/raw/dsb2018/stage1_train/df5cdd0ebe1bdf8dc870bc294b8f08961e083bc7f9be69e268454aa9091808b9/images/df5cdd0ebe1bdf8dc870bc294b8f08961e083bc7f9be69e268454aa9091808b9.png,results/supervised/yolo_capacity_diagnostic_train_runs/yolo11m/weights/best.pt,0.5,0.25,512,104.18,22,20,19,1,3,0.95,0.8636363636363636,0.9047619047619048,0.8596296176338786,0.9226488532331336,-2,2
val,yolo11m,df9a4212ecb67bb4e58eba62f293b91f9d6f1dde73e38fa891c75661d419fc97,/home/user/cellseg-robustness-diagnostic/data/raw/dsb2018/stage1_train/df9a4212ecb67bb4e58eba62f293b91f9d6f1dde73e38fa891c75661d419fc97/images/df9a4212ecb67bb4e58eba62f293b91f9d6f1dde73e38fa891c75661d419fc97.png,results/supervised/yolo_capacity_diagnostic_train_runs/yolo11m/weights/best.pt,0.5,0.25,512,105.503,26,27,26,1,0,0.9629629629629629,1.0,0.9811320754716981,0.9186949913285685,0.9573758058124409,1,1
val,yolo11m,e1bcb583985325d0ef5f3ef52957d0371c96d4af767b13e48102bca9d5351a9b,/home/user/cellseg-robustness-diagnostic/data/raw/dsb2018/stage1_train/e1bcb583985325d0ef5f3ef52957d0371c96d4af767b13e48102bca9d5351a9b/images/e1bcb583985325d0ef5f3ef52957d0371c96d4af767b13e48102bca9d5351a9b.png,results/supervised/yolo_capacity_diagnostic_train_runs/yolo11m/weights/best.pt,0.5,0.25,512,80.581,6,7,4,3,2,0.5714285714285714,0.6666666666666666,0.6153846153846153,0.80841321738325,0.8936272303222308,1,1
val,yolo11m,e216ec5063d3562b793e434c491051bd8867f6c2e571e41137c7c560cc0e6a03,/home/user/cellseg-robustness-diagnostic/data/raw/dsb2018/stage1_train/e216ec5063d3562b793e434c491051bd8867f6c2e571e41137c7c560cc0e6a03/images/e216ec5063d3562b793e434c491051bd8867f6c2e571e41137c7c560cc0e6a03.png,results/supervised/yolo_capacity_diagnostic_train_runs/yolo11m/weights/best.pt,0.5,0.25,512,94.031,21,22,17,5,4,0.7727272727272727,0.8095238095238095,0.7906976744186046,0.7974770930694502,0.8856202153124119,1,1
val,yolo11m,e23e11414ee645b51081fb202d38b793f0c8ef2940f8228ded384899d21b02c2,/home/user/cellseg-robustness-diagnostic/data/raw/dsb2018/stage1_train/e23e11414ee645b51081fb202d38b793f0c8ef2940f8228ded384899d21b02c2/images/e23e11414ee645b51081fb202d38b793f0c8ef2940f8228ded384899d21b02c2.png,results/supervised/yolo_capacity_diagnostic_train_runs/yolo11m/weights/best.pt,0.5,0.25,512,278.888,199,209,187,22,12,0.8947368421052632,0.9396984924623115,0.9166666666666667,0.791703962149367,0.8813290522714734,10,10
val,yolo11m,e2d22d3d283915df8350d039278e314a23e6e8f2b41bdfc16df849e22dd13b36,/home/user/cellseg-robustness-diagnostic/data/raw/dsb2018/stage1_train/e2d22d3d283915df8350d039278e314a23e6e8f2b41bdfc16df849e22dd13b36/images/e2d22d3d283915df8350d039278e314a23e6e8f2b41bdfc16df849e22dd13b36.png,results/supervised/yolo_capacity_diagnostic_train_runs/yolo11m/weights/best.pt,0.5,0.25,512,41.358,42,42,42,0,0,1.0,1.0,1.0,0.880077801871978,0.935646213543882,0,0
val,yolo11m,e321cfa987e77c21373a0f8b1236c83d6636306949a82a7f5b07fc0838e7777f,/home/user/cellseg-robustness-diagnostic/data/raw/dsb2018/stage1_train/e321cfa987e77c21373a0f8b1236c83d6636306949a82a7f5b07fc0838e7777f/images/e321cfa987e77c21373a0f8b1236c83d6636306949a82a7f5b07fc0838e7777f.png,results/supervised/yolo_capacity_diagnostic_train_runs/yolo11m/weights/best.pt,0.5,0.25,512,38.041,15,18,14,4,1,0.7777777777777778,0.9333333333333333,0.8484848484848485,0.7409692262569492,0.8469014616758105,3,3
val,yolo11m,e414b54f2036bcab61b9c0a966f65adf4b169097c13c740e03d6292ac076258c,/home/user/cellseg-robustness-diagnostic/data/raw/dsb2018/stage1_train/e414b54f2036bcab61b9c0a966f65adf4b169097c13c740e03d6292ac076258c/images/e414b54f2036bcab61b9c0a966f65adf4b169097c13c740e03d6292ac076258c.png,results/supervised/yolo_capacity_diagnostic_train_runs/yolo11m/weights/best.pt,0.5,0.25,512,41.783,63,72,56,16,7,0.7777777777777778,0.8888888888888888,0.8296296296296296,0.8145481087544295,0.894451747315023,9,9
val,yolo11m,e4537e7893e631f3ba6ae5b1023e24b233c78249a31c2f5e561f6c4cad88fcf6,/home/user/cellseg-robustness-diagnostic/data/raw/dsb2018/stage1_train/e4537e7893e631f3ba6ae5b1023e24b233c78249a31c2f5e561f6c4cad88fcf6/images/e4537e7893e631f3ba6ae5b1023e24b233c78249a31c2f5e561f6c4cad88fcf6.png,results/supervised/yolo_capacity_diagnostic_train_runs/yolo11m/weights/best.pt,0.5,0.25,512,38.794,21,21,20,1,1,0.9523809523809523,0.9523809523809523,0.9523809523809523,0.8922045295924406,0.9417482002375708,0,0
val,yolo11m,e49fc2b4f1f39d481a6525225ab3f688be5c87f56884456ad54c953315efae83,/home/user/cellseg-robustness-diagnostic/data/raw/dsb2018/stage1_train/e49fc2b4f1f39d481a6525225ab3f688be5c87f56884456ad54c953315efae83/images/e49fc2b4f1f39d481a6525225ab3f688be5c87f56884456ad54c953315efae83.png,results/supervised/yolo_capacity_diagnostic_train_runs/yolo11m/weights/best.pt,0.5,0.25,512,41.881,69,86,49,37,20,0.5697674418604651,0.7101449275362319,0.632258064516129,0.7979133945737169,0.884331338912035,17,17
val,yolo11m,e4ae1ceddb279bac30273ca7ac480025ce2e7287328f5272234b5bbca6d13135,/home/user/cellseg-robustness-diagnostic/data/raw/dsb2018/stage1_train/e4ae1ceddb279bac30273ca7ac480025ce2e7287328f5272234b5bbca6d13135/images/e4ae1ceddb279bac30273ca7ac480025ce2e7287328f5272234b5bbca6d13135.png,results/supervised/yolo_capacity_diagnostic_train_runs/yolo11m/weights/best.pt,0.5,0.25,512,38.006,16,17,15,2,1,0.8823529411764706,0.9375,0.9090909090909091,0.8774285623698964,0.9333106020340469,1,1
val,yolo11m,e4fc936ba57a936aaa5941ccc70946ab18fcebcb6e8d85a097c584aff9ca4d88,/home/user/cellseg-robustness-diagnostic/data/raw/dsb2018/stage1_train/e4fc936ba57a936aaa5941ccc70946ab18fcebcb6e8d85a097c584aff9ca4d88/images/e4fc936ba57a936aaa5941ccc70946ab18fcebcb6e8d85a097c584aff9ca4d88.png,results/supervised/yolo_capacity_diagnostic_train_runs/yolo11m/weights/best.pt,0.5,0.25,512,38.237,29,31,29,2,0,0.9354838709677419,1.0,0.9666666666666666,0.8918499185521014,0.9415482374108841,2,2
val,yolo11m,e50ac10d1dce6496d092d966784ed3795969128ca0bc58199a36d558ed529203,/home/user/cellseg-robustness-diagnostic/data/raw/dsb2018/stage1_train/e50ac10d1dce6496d092d966784ed3795969128ca0bc58199a36d558ed529203/images/e50ac10d1dce6496d092d966784ed3795969128ca0bc58199a36d558ed529203.png,results/supervised/yolo_capacity_diagnostic_train_runs/yolo11m/weights/best.pt,0.5,0.25,512,44.19,67,82,62,20,5,0.7560975609756098,0.9253731343283582,0.8322147651006712,0.7937585981719429,0.8831870618914869,15,15
val,yolo11m,e52960d31f8bddf85400259beb4521383f5ceface1080be3429f2f926cc9b5c2,/home/user/cellseg-robustness-diagnostic/data/raw/dsb2018/stage1_train/e52960d31f8bddf85400259beb4521383f5ceface1080be3429f2f926cc9b5c2/images/e52960d31f8bddf85400259beb4521383f5ceface1080be3429f2f926cc9b5c2.png,results/supervised/yolo_capacity_diagnostic_train_runs/yolo11m/weights/best.pt,0.5,0.25,512,53.306,130,129,126,3,4,0.9767441860465116,0.9692307692307692,0.9729729729729729,0.8509855690868037,0.91823283039577,-1,1
val,yolo11m,e5384c905e9879cb6e8ff5250fb03155bc1db035d8dde458eece9078b7de8ff1,/home/user/cellseg-robustness-diagnostic/data/raw/dsb2018/stage1_train/e5384c905e9879cb6e8ff5250fb03155bc1db035d8dde458eece9078b7de8ff1/images/e5384c905e9879cb6e8ff5250fb03155bc1db035d8dde458eece9078b7de8ff1.png,results/supervised/yolo_capacity_diagnostic_train_runs/yolo11m/weights/best.pt,0.5,0.25,512,41.004,28,28,26,2,2,0.9285714285714286,0.9285714285714286,0.9285714285714286,0.9265314263244165,0.9615073166047889,0,0
val,yolo11m,e5a6c5e01e6a4ef676a2d975374e995dd55792ea317a8e110bebc37da83a4ce8,/home/user/cellseg-robustness-diagnostic/data/raw/dsb2018/stage1_train/e5a6c5e01e6a4ef676a2d975374e995dd55792ea317a8e110bebc37da83a4ce8/images/e5a6c5e01e6a4ef676a2d975374e995dd55792ea317a8e110bebc37da83a4ce8.png,results/supervised/yolo_capacity_diagnostic_train_runs/yolo11m/weights/best.pt,0.5,0.25,512,37.798,26,30,26,4,0,0.8666666666666667,1.0,0.9285714285714286,0.7863628450902937,0.8777870347378867,4,4
val,yolo11m,e5a7b8a9924b26b3abf039255a8a3bb00258f4966f68ff3349560b4350af9367,/home/user/cellseg-robustness-diagnostic/data/raw/dsb2018/stage1_train/e5a7b8a9924b26b3abf039255a8a3bb00258f4966f68ff3349560b4350af9367/images/e5a7b8a9924b26b3abf039255a8a3bb00258f4966f68ff3349560b4350af9367.png,results/supervised/yolo_capacity_diagnostic_train_runs/yolo11m/weights/best.pt,0.5,0.25,512,40.489,20,19,19,0,1,1.0,0.95,0.9743589743589743,0.8946046611283882,0.9424140041553087,-1,1
val,yolo11m,e5aeb5b3577abbebe8982b5dd7d22c4257250ad3000661a42f38bf9248d291fd,/home/user/cellseg-robustness-diagnostic/data/raw/dsb2018/stage1_train/e5aeb5b3577abbebe8982b5dd7d22c4257250ad3000661a42f38bf9248d291fd/images/e5aeb5b3577abbebe8982b5dd7d22c4257250ad3000661a42f38bf9248d291fd.png,results/supervised/yolo_capacity_diagnostic_train_runs/yolo11m/weights/best.pt,0.5,0.25,512,47.936,2,3,2,1,0,0.6666666666666666,1.0,0.8,0.8936283185840708,0.9436216429699842,1,1
val,yolo11m,e5f8ad0f0a43af8ca57e31e16800108abdfb44a7e962a71d246f72d2dbde42bf,/home/user/cellseg-robustness-diagnostic/data/raw/dsb2018/stage1_train/e5f8ad0f0a43af8ca57e31e16800108abdfb44a7e962a71d246f72d2dbde42bf/images/e5f8ad0f0a43af8ca57e31e16800108abdfb44a7e962a71d246f72d2dbde42bf.png,results/supervised/yolo_capacity_diagnostic_train_runs/yolo11m/weights/best.pt,0.5,0.25,512,45.03,6,6,6,0,0,1.0,1.0,1.0,0.9078271266780504,0.9516260138730962,0,0
val,yolo11m,e66a97b2c77f3d66a7d3cebbc6a36c8c6259368a397f7b67647ed80ad53aa776,/home/user/cellseg-robustness-diagnostic/data/raw/dsb2018/stage1_train/e66a97b2c77f3d66a7d3cebbc6a36c8c6259368a397f7b67647ed80ad53aa776/images/e66a97b2c77f3d66a7d3cebbc6a36c8c6259368a397f7b67647ed80ad53aa776.png,results/supervised/yolo_capacity_diagnostic_train_runs/yolo11m/weights/best.pt,0.5,0.25,512,45.566,11,11,10,1,1,0.9090909090909091,0.9090909090909091,0.9090909090909091,0.8407012074902054,0.9106869828067555,0,0
val,yolo11m,e66f25e175abab08ecb4e5f6859db64a211e0ddffb262d7e727b9d9bd4aad2d2,/home/user/cellseg-robustness-diagnostic/data/raw/dsb2018/stage1_train/e66f25e175abab08ecb4e5f6859db64a211e0ddffb262d7e727b9d9bd4aad2d2/images/e66f25e175abab08ecb4e5f6859db64a211e0ddffb262d7e727b9d9bd4aad2d2.png,results/supervised/yolo_capacity_diagnostic_train_runs/yolo11m/weights/best.pt,0.5,0.25,512,39.464,11,11,11,0,0,1.0,1.0,1.0,0.8667037500722216,0.9272294536443512,0,0
val,yolo11m,e7a3a7c99483c243742b6cfa74e81cd48f126dcef004016ad0151df6c16a6243,/home/user/cellseg-robustness-diagnostic/data/raw/dsb2018/stage1_train/e7a3a7c99483c243742b6cfa74e81cd48f126dcef004016ad0151df6c16a6243/images/e7a3a7c99483c243742b6cfa74e81cd48f126dcef004016ad0151df6c16a6243.png,results/supervised/yolo_capacity_diagnostic_train_runs/yolo11m/weights/best.pt,0.5,0.25,512,62.138,150,156,146,10,4,0.9358974358974359,0.9733333333333334,0.954248366013072,0.8327719809439414,0.907218798812924,6,6
val,yolo11m,e81c758e1ca177b0942ecad62cf8d321ffc315376135bcbed3df932a6e5b40c0,/home/user/cellseg-robustness-diagnostic/data/raw/dsb2018/stage1_train/e81c758e1ca177b0942ecad62cf8d321ffc315376135bcbed3df932a6e5b40c0/images/e81c758e1ca177b0942ecad62cf8d321ffc315376135bcbed3df932a6e5b40c0.png,results/supervised/yolo_capacity_diagnostic_train_runs/yolo11m/weights/best.pt,0.5,0.25,512,42.38,47,64,34,30,13,0.53125,0.723404255319149,0.6126126126126127,0.7296148906053372,0.8395703285379303,17,17
val,yolo11m,e856511ac1c34d24320eb7c56c05a4a3340d06667b4f5b8e8df615d415c7f650,/home/user/cellseg-robustness-diagnostic/data/raw/dsb2018/stage1_train/e856511ac1c34d24320eb7c56c05a4a3340d06667b4f5b8e8df615d415c7f650/images/e856511ac1c34d24320eb7c56c05a4a3340d06667b4f5b8e8df615d415c7f650.png,results/supervised/yolo_capacity_diagnostic_train_runs/yolo11m/weights/best.pt,0.5,0.25,512,41.043,27,33,26,7,1,0.7878787878787878,0.9629629629629629,0.8666666666666665,0.7864702433040406,0.8766970730842587,6,6
val,yolo11m,e9b8ad127f2163438b6236c74938f43d7b4863aaf39a16367f4af59bfd96597b,/home/user/cellseg-robustness-diagnostic/data/raw/dsb2018/stage1_train/e9b8ad127f2163438b6236c74938f43d7b4863aaf39a16367f4af59bfd96597b/images/e9b8ad127f2163438b6236c74938f43d7b4863aaf39a16367f4af59bfd96597b.png,results/supervised/yolo_capacity_diagnostic_train_runs/yolo11m/weights/best.pt,0.5,0.25,512,37.225,12,15,12,3,0,0.8,1.0,0.888888888888889,0.8318877113330015,0.9073740570375676,3,3
val,yolo11m,ea00f5a91ca75e745d675201cc62d7db266f8e2787033e15a7dd5f1cc5c0ad72,/home/user/cellseg-robustness-diagnostic/data/raw/dsb2018/stage1_train/ea00f5a91ca75e745d675201cc62d7db266f8e2787033e15a7dd5f1cc5c0ad72/images/ea00f5a91ca75e745d675201cc62d7db266f8e2787033e15a7dd5f1cc5c0ad72.png,results/supervised/yolo_capacity_diagnostic_train_runs/yolo11m/weights/best.pt,0.5,0.25,512,39.441,40,41,40,1,0,0.975609756097561,1.0,0.9876543209876543,0.885077377827417,0.9381034008145595,1,1
val,yolo11m,ea94ba4b01d1bd5f7768d10e0ac547743791033df545c71fcec442d0cb5cb5e7,/home/user/cellseg-robustness-diagnostic/data/raw/dsb2018/stage1_train/ea94ba4b01d1bd5f7768d10e0ac547743791033df545c71fcec442d0cb5cb5e7/images/ea94ba4b01d1bd5f7768d10e0ac547743791033df545c71fcec442d0cb5cb5e7.png,results/supervised/yolo_capacity_diagnostic_train_runs/yolo11m/weights/best.pt,0.5,0.25,512,39.944,42,44,39,5,3,0.8863636363636364,0.9285714285714286,0.9069767441860465,0.8011660839870491,0.8862167420364349,2,2
val,yolo11m,ead9464a50a17f74bf1b6471d94ecce8d887cf518c8fedc6c6048eb948bc4e49,/home/user/cellseg-robustness-diagnostic/data/raw/dsb2018/stage1_train/ead9464a50a17f74bf1b6471d94ecce8d887cf518c8fedc6c6048eb948bc4e49/images/ead9464a50a17f74bf1b6471d94ecce8d887cf518c8fedc6c6048eb948bc4e49.png,results/supervised/yolo_capacity_diagnostic_train_runs/yolo11m/weights/best.pt,0.5,0.25,512,39.904,6,6,6,0,0,1.0,1.0,1.0,0.9069465832198406,0.9510844654447902,0,0
val,yolo11m,eb1df8ed879d04b36980b0958a0e8fc446ad08c0bdcf3b5f42e3db023187c7e5,/home/user/cellseg-robustness-diagnostic/data/raw/dsb2018/stage1_train/eb1df8ed879d04b36980b0958a0e8fc446ad08c0bdcf3b5f42e3db023187c7e5/images/eb1df8ed879d04b36980b0958a0e8fc446ad08c0bdcf3b5f42e3db023187c7e5.png,results/supervised/yolo_capacity_diagnostic_train_runs/yolo11m/weights/best.pt,0.5,0.25,512,41.492,59,69,49,20,10,0.7101449275362319,0.8305084745762712,0.7656250000000001,0.8342535417164426,0.9066631132484502,10,10
val,yolo11m,eb96fc6cbf6880bf05c4309857ae33844a4bc2152e228eff31024e5265cf9fc3,/home/user/cellseg-robustness-diagnostic/data/raw/dsb2018/stage1_train/eb96fc6cbf6880bf05c4309857ae33844a4bc2152e228eff31024e5265cf9fc3/images/eb96fc6cbf6880bf05c4309857ae33844a4bc2152e228eff31024e5265cf9fc3.png,results/supervised/yolo_capacity_diagnostic_train_runs/yolo11m/weights/best.pt,0.5,0.25,512,38.951,8,8,8,0,0,1.0,1.0,1.0,0.8911894731649135,0.9410094686719594,0,0
val,yolo11m,ebc18868864ad075548cc1784f4f9a237bb98335f9645ee727dac8332a3e3716,/home/user/cellseg-robustness-diagnostic/data/raw/dsb2018/stage1_train/ebc18868864ad075548cc1784f4f9a237bb98335f9645ee727dac8332a3e3716/images/ebc18868864ad075548cc1784f4f9a237bb98335f9645ee727dac8332a3e3716.png,results/supervised/yolo_capacity_diagnostic_train_runs/yolo11m/weights/best.pt,0.5,0.25,512,37.906,19,19,15,4,4,0.7894736842105263,0.7894736842105263,0.7894736842105263,0.7997265860092541,0.8847752446561251,0,0
val,yolo11m,ec031f176dafe0b36547068ce42eab39428ec7995dac1b3ea52d1db79b61fdeb,/home/user/cellseg-robustness-diagnostic/data/raw/dsb2018/stage1_train/ec031f176dafe0b36547068ce42eab39428ec7995dac1b3ea52d1db79b61fdeb/images/ec031f176dafe0b36547068ce42eab39428ec7995dac1b3ea52d1db79b61fdeb.png,results/supervised/yolo_capacity_diagnostic_train_runs/yolo11m/weights/best.pt,0.5,0.25,512,38.062,9,9,9,0,0,1.0,1.0,1.0,0.8867077785473814,0.9397656883865674,0,0
val,yolo11m,ec486143ecfec847c22cd8cbc207d85312bcf38e61c9b9a805e0d12add62da8d,/home/user/cellseg-robustness-diagnostic/data/raw/dsb2018/stage1_train/ec486143ecfec847c22cd8cbc207d85312bcf38e61c9b9a805e0d12add62da8d/images/ec486143ecfec847c22cd8cbc207d85312bcf38e61c9b9a805e0d12add62da8d.png,results/supervised/yolo_capacity_diagnostic_train_runs/yolo11m/weights/best.pt,0.5,0.25,512,38.063,11,12,11,1,0,0.9166666666666666,1.0,0.9565217391304348,0.852197230796789,0.9193582675055277,1,1
val,yolo11m,ecb36c90cdd20245d89173c106f3c6a2d124d07bdea0ae202fb1efa49b0cd169,/home/user/cellseg-robustness-diagnostic/data/raw/dsb2018/stage1_train/ecb36c90cdd20245d89173c106f3c6a2d124d07bdea0ae202fb1efa49b0cd169/images/ecb36c90cdd20245d89173c106f3c6a2d124d07bdea0ae202fb1efa49b0cd169.png,results/supervised/yolo_capacity_diagnostic_train_runs/yolo11m/weights/best.pt,0.5,0.25,512,54.914,120,121,117,4,3,0.9669421487603306,0.975,0.970954356846473,0.8602480226569593,0.923819303150111,1,1
val,yolo11m,ed4b8e0d756836be7acb2e2b7799c473b52424e3092a71d3c6d23558e500dc4c,/home/user/cellseg-robustness-diagnostic/data/raw/dsb2018/stage1_train/ed4b8e0d756836be7acb2e2b7799c473b52424e3092a71d3c6d23558e500dc4c/images/ed4b8e0d756836be7acb2e2b7799c473b52424e3092a71d3c6d23558e500dc4c.png,results/supervised/yolo_capacity_diagnostic_train_runs/yolo11m/weights/best.pt,0.5,0.25,512,45.843,76,84,76,8,0,0.9047619047619048,1.0,0.9500000000000001,0.8502659345228001,0.9177254527174833,8,8
val,yolo11m,ed5be4b63e9506ad64660dd92a098ffcc0325195298c13c815a73773f1efc279,/home/user/cellseg-robustness-diagnostic/data/raw/dsb2018/stage1_train/ed5be4b63e9506ad64660dd92a098ffcc0325195298c13c815a73773f1efc279/images/ed5be4b63e9506ad64660dd92a098ffcc0325195298c13c815a73773f1efc279.png,results/supervised/yolo_capacity_diagnostic_train_runs/yolo11m/weights/best.pt,0.5,0.25,512,106.792,42,49,35,14,7,0.7142857142857143,0.8333333333333334,0.7692307692307692,0.8033208653371956,0.8884065649171653,7,7
val,yolo11m,ed8c31b001a0c23c33402f94a5ee6b0209e0c6419eb52d5d02255513e3a672fc,/home/user/cellseg-robustness-diagnostic/data/raw/dsb2018/stage1_train/ed8c31b001a0c23c33402f94a5ee6b0209e0c6419eb52d5d02255513e3a672fc/images/ed8c31b001a0c23c33402f94a5ee6b0209e0c6419eb52d5d02255513e3a672fc.png,results/supervised/yolo_capacity_diagnostic_train_runs/yolo11m/weights/best.pt,0.5,0.25,512,129.165,91,90,84,6,7,0.9333333333333333,0.9230769230769231,0.9281767955801106,0.787444309084855,0.8791577678178799,-1,1
val,yolo11m,edd36ed822e7ed760ff73e0524df22aa5bf5c565efcdc6c39603239c0896e7a8,/home/user/cellseg-robustness-diagnostic/data/raw/dsb2018/stage1_train/edd36ed822e7ed760ff73e0524df22aa5bf5c565efcdc6c39603239c0896e7a8/images/edd36ed822e7ed760ff73e0524df22aa5bf5c565efcdc6c39603239c0896e7a8.png,results/supervised/yolo_capacity_diagnostic_train_runs/yolo11m/weights/best.pt,0.5,0.25,512,114.025,49,67,44,23,5,0.6567164179104478,0.8979591836734694,0.7586206896551725,0.7054167391113408,0.8230699136772888,18,18
val,yolo11m,ee927e8255096971ddae1bd975cf80c4ad7c847c82d0b5f5dd2ddfe5407007ee,/home/user/cellseg-robustness-diagnostic/data/raw/dsb2018/stage1_train/ee927e8255096971ddae1bd975cf80c4ad7c847c82d0b5f5dd2ddfe5407007ee/images/ee927e8255096971ddae1bd975cf80c4ad7c847c82d0b5f5dd2ddfe5407007ee.png,results/supervised/yolo_capacity_diagnostic_train_runs/yolo11m/weights/best.pt,0.5,0.25,512,103.554,65,58,52,6,13,0.896551724137931,0.8,0.8455284552845529,0.7700796852103408,0.8684178897040546,-7,7
val,yolo11m,eeb142344e9de3250ab748f93940bf06be70d5078337680998468a134a101698,/home/user/cellseg-robustness-diagnostic/data/raw/dsb2018/stage1_train/eeb142344e9de3250ab748f93940bf06be70d5078337680998468a134a101698/images/eeb142344e9de3250ab748f93940bf06be70d5078337680998468a134a101698.png,results/supervised/yolo_capacity_diagnostic_train_runs/yolo11m/weights/best.pt,0.5,0.25,512,99.716,50,51,46,5,4,0.9019607843137255,0.92,0.9108910891089109,0.7640556953037255,0.8629455563887822,1,1
val,yolo11m,ef3ef194e5657fda708ecbd3eb6530286ed2ba23c88efb9f1715298975c73548,/home/user/cellseg-robustness-diagnostic/data/raw/dsb2018/stage1_train/ef3ef194e5657fda708ecbd3eb6530286ed2ba23c88efb9f1715298975c73548/images/ef3ef194e5657fda708ecbd3eb6530286ed2ba23c88efb9f1715298975c73548.png,results/supervised/yolo_capacity_diagnostic_train_runs/yolo11m/weights/best.pt,0.5,0.25,512,125.738,75,83,67,16,8,0.8072289156626506,0.8933333333333333,0.8481012658227848,0.7900100216702338,0.8789903674282901,8,8
val,yolo11m,ef6634efb46567d87b811be786b18c4cd0e2cda23d79b65d6afe0d259ef3ade6,/home/user/cellseg-robustness-diagnostic/data/raw/dsb2018/stage1_train/ef6634efb46567d87b811be786b18c4cd0e2cda23d79b65d6afe0d259ef3ade6/images/ef6634efb46567d87b811be786b18c4cd0e2cda23d79b65d6afe0d259ef3ade6.png,results/supervised/yolo_capacity_diagnostic_train_runs/yolo11m/weights/best.pt,0.5,0.25,512,108.022,32,50,30,20,2,0.6,0.9375,0.7317073170731707,0.7115406919164424,0.8285021074725717,18,18
val,yolo11m,f01a9742c43a69f087700a43893f713878e537bae8e44f76b957f09519601ad6,/home/user/cellseg-robustness-diagnostic/data/raw/dsb2018/stage1_train/f01a9742c43a69f087700a43893f713878e537bae8e44f76b957f09519601ad6/images/f01a9742c43a69f087700a43893f713878e537bae8e44f76b957f09519601ad6.png,results/supervised/yolo_capacity_diagnostic_train_runs/yolo11m/weights/best.pt,0.5,0.25,512,109.682,28,28,28,0,0,1.0,1.0,1.0,0.8916866143007114,0.9425256235485088,0,0
val,yolo11m,f0a75e0322f11cead4219aa530673fe5eef67580fb6fccc254963c9fc6b58aa1,/home/user/cellseg-robustness-diagnostic/data/raw/dsb2018/stage1_train/f0a75e0322f11cead4219aa530673fe5eef67580fb6fccc254963c9fc6b58aa1/images/f0a75e0322f11cead4219aa530673fe5eef67580fb6fccc254963c9fc6b58aa1.png,results/supervised/yolo_capacity_diagnostic_train_runs/yolo11m/weights/best.pt,0.5,0.25,512,94.548,12,12,12,0,0,1.0,1.0,1.0,0.8645016213117316,0.9260516139948245,0,0
val,yolo11m,f0c9f135c62572f3669a75b2c735e4477dc77fac85e653426ee2b3bcfbed7aaf,/home/user/cellseg-robustness-diagnostic/data/raw/dsb2018/stage1_train/f0c9f135c62572f3669a75b2c735e4477dc77fac85e653426ee2b3bcfbed7aaf/images/f0c9f135c62572f3669a75b2c735e4477dc77fac85e653426ee2b3bcfbed7aaf.png,results/supervised/yolo_capacity_diagnostic_train_runs/yolo11m/weights/best.pt,0.5,0.25,512,93.448,24,22,20,2,4,0.9090909090909091,0.8333333333333334,0.8695652173913043,0.9013444162228816,0.9464265286241599,-2,2
val,yolo11m,f113626a04125d97b27f21b45a0ce9a686d73dee7b5dbc0725d49194ba0203bd,/home/user/cellseg-robustness-diagnostic/data/raw/dsb2018/stage1_train/f113626a04125d97b27f21b45a0ce9a686d73dee7b5dbc0725d49194ba0203bd/images/f113626a04125d97b27f21b45a0ce9a686d73dee7b5dbc0725d49194ba0203bd.png,results/supervised/yolo_capacity_diagnostic_train_runs/yolo11m/weights/best.pt,0.5,0.25,512,87.348,24,23,23,0,1,1.0,0.9583333333333334,0.9787234042553191,0.9276562307208159,0.9621376249554446,-1,1
val,yolo11m,f20eb4592e7d3cf58d421a9c34832d33adcdcbd0e17b7bf009a013847608da27,/home/user/cellseg-robustness-diagnostic/data/raw/dsb2018/stage1_train/f20eb4592e7d3cf58d421a9c34832d33adcdcbd0e17b7bf009a013847608da27/images/f20eb4592e7d3cf58d421a9c34832d33adcdcbd0e17b7bf009a013847608da27.png,results/supervised/yolo_capacity_diagnostic_train_runs/yolo11m/weights/best.pt,0.5,0.25,512,39.874,30,31,30,1,0,0.967741935483871,1.0,0.9836065573770492,0.8879697085222115,0.9402175026128107,1,1
val,yolo11m,f26f4c2c70c38fe12e00d5a814d5116691f2ca548908126923fd76ddd665ed24,/home/user/cellseg-robustness-diagnostic/data/raw/dsb2018/stage1_train/f26f4c2c70c38fe12e00d5a814d5116691f2ca548908126923fd76ddd665ed24/images/f26f4c2c70c38fe12e00d5a814d5116691f2ca548908126923fd76ddd665ed24.png,results/supervised/yolo_capacity_diagnostic_train_runs/yolo11m/weights/best.pt,0.5,0.25,512,41.385,52,73,43,30,9,0.589041095890411,0.8269230769230769,0.6880000000000001,0.7769131926145776,0.8710853316557521,21,21
val,yolo11m,f29fd9c52e04403cd2c7d43b6fe2479292e53b2f61969d25256d2d2aca7c6a81,/home/user/cellseg-robustness-diagnostic/data/raw/dsb2018/stage1_train/f29fd9c52e04403cd2c7d43b6fe2479292e53b2f61969d25256d2d2aca7c6a81/images/f29fd9c52e04403cd2c7d43b6fe2479292e53b2f61969d25256d2d2aca7c6a81.png,results/supervised/yolo_capacity_diagnostic_train_runs/yolo11m/weights/best.pt,0.5,0.25,512,73.372,199,173,59,114,140,0.34104046242774566,0.2964824120603015,0.31720430107526876,0.6082209932366054,0.754112007003064,-26,26
val,yolo11m,f35ab34528e3e2d2589d24cbffc0e10024dfc474a68585d0b5feb7b05aa0067f,/home/user/cellseg-robustness-diagnostic/data/raw/dsb2018/stage1_train/f35ab34528e3e2d2589d24cbffc0e10024dfc474a68585d0b5feb7b05aa0067f/images/f35ab34528e3e2d2589d24cbffc0e10024dfc474a68585d0b5feb7b05aa0067f.png,results/supervised/yolo_capacity_diagnostic_train_runs/yolo11m/weights/best.pt,0.5,0.25,512,36.876,9,9,9,0,0,1.0,1.0,1.0,0.8744611644700018,0.9325262647377893,0,0
val,yolo11m,f43169e3d8b4f71e687945b9e72cbfdfe2e40e68842568e6a30c60d64c1378b6,/home/user/cellseg-robustness-diagnostic/data/raw/dsb2018/stage1_train/f43169e3d8b4f71e687945b9e72cbfdfe2e40e68842568e6a30c60d64c1378b6/images/f43169e3d8b4f71e687945b9e72cbfdfe2e40e68842568e6a30c60d64c1378b6.png,results/supervised/yolo_capacity_diagnostic_train_runs/yolo11m/weights/best.pt,0.5,0.25,512,37.427,18,19,18,1,0,0.9473684210526315,1.0,0.972972972972973,0.8954873601916115,0.9444580683638484,1,1
val,yolo11m,f487cc82271cf84b4414552aa8b0a9d82d902451ebe8e8bc639d4121c1672ff7,/home/user/cellseg-robustness-diagnostic/data/raw/dsb2018/stage1_train/f487cc82271cf84b4414552aa8b0a9d82d902451ebe8e8bc639d4121c1672ff7/images/f487cc82271cf84b4414552aa8b0a9d82d902451ebe8e8bc639d4121c1672ff7.png,results/supervised/yolo_capacity_diagnostic_train_runs/yolo11m/weights/best.pt,0.5,0.25,512,41.427,47,73,45,28,2,0.6164383561643836,0.9574468085106383,0.7500000000000001,0.7797813845401922,0.8744901114777324,26,26
val,yolo11m,f4b7c24baf69b8752c49d0eb5db4b7b5e1524945d48e54925bff401d5658045d,/home/user/cellseg-robustness-diagnostic/data/raw/dsb2018/stage1_train/f4b7c24baf69b8752c49d0eb5db4b7b5e1524945d48e54925bff401d5658045d/images/f4b7c24baf69b8752c49d0eb5db4b7b5e1524945d48e54925bff401d5658045d.png,results/supervised/yolo_capacity_diagnostic_train_runs/yolo11m/weights/best.pt,0.5,0.25,512,37.167,9,12,7,5,2,0.5833333333333334,0.7777777777777778,0.6666666666666666,0.8312995122968548,0.9059492349086861,3,3
val,yolo11m,f4c4db3df4ff0de90f44b027fc2e28c16bf7e5c75ea75b0a9762bbb7ac86e7a3,/home/user/cellseg-robustness-diagnostic/data/raw/dsb2018/stage1_train/f4c4db3df4ff0de90f44b027fc2e28c16bf7e5c75ea75b0a9762bbb7ac86e7a3/images/f4c4db3df4ff0de90f44b027fc2e28c16bf7e5c75ea75b0a9762bbb7ac86e7a3.png,results/supervised/yolo_capacity_diagnostic_train_runs/yolo11m/weights/best.pt,0.5,0.25,512,42.003,68,41,20,21,48,0.4878048780487805,0.29411764705882354,0.36697247706422015,0.6593444063031557,0.7925668309590728,-27,27
val,yolo11m,f4faa3a409014db1865074c5f66a0255f71ae3faba03265da0b3b91f68e8a8f0,/home/user/cellseg-robustness-diagnostic/data/raw/dsb2018/stage1_train/f4faa3a409014db1865074c5f66a0255f71ae3faba03265da0b3b91f68e8a8f0/images/f4faa3a409014db1865074c5f66a0255f71ae3faba03265da0b3b91f68e8a8f0.png,results/supervised/yolo_capacity_diagnostic_train_runs/yolo11m/weights/best.pt,0.5,0.25,512,41.985,14,14,14,0,0,1.0,1.0,1.0,0.9189074269294819,0.9574985593193294,0,0
val,yolo11m,f534b43bf37ff946a310a0f08315d76c3fb3394681cf523acef7c0682240072a,/home/user/cellseg-robustness-diagnostic/data/raw/dsb2018/stage1_train/f534b43bf37ff946a310a0f08315d76c3fb3394681cf523acef7c0682240072a/images/f534b43bf37ff946a310a0f08315d76c3fb3394681cf523acef7c0682240072a.png,results/supervised/yolo_capacity_diagnostic_train_runs/yolo11m/weights/best.pt,0.5,0.25,512,46.261,18,16,15,1,3,0.9375,0.8333333333333334,0.8823529411764706,0.8811937896394008,0.932163514605109,-2,2
val,yolo11m,f67e72b7fe0b1e3648ea745ffd395c80705c89b0c0c48227991fe6f5815b2a18,/home/user/cellseg-robustness-diagnostic/data/raw/dsb2018/stage1_train/f67e72b7fe0b1e3648ea745ffd395c80705c89b0c0c48227991fe6f5815b2a18/images/f67e72b7fe0b1e3648ea745ffd395c80705c89b0c0c48227991fe6f5815b2a18.png,results/supervised/yolo_capacity_diagnostic_train_runs/yolo11m/weights/best.pt,0.5,0.25,512,43.45,12,13,12,1,0,0.9230769230769231,1.0,0.9600000000000001,0.8875510395802136,0.9401413105117545,1,1
val,yolo11m,f6863b83d75e5927b30e2e326405b588293283c25aaef2251b30c343296b9cb1,/home/user/cellseg-robustness-diagnostic/data/raw/dsb2018/stage1_train/f6863b83d75e5927b30e2e326405b588293283c25aaef2251b30c343296b9cb1/images/f6863b83d75e5927b30e2e326405b588293283c25aaef2251b30c343296b9cb1.png,results/supervised/yolo_capacity_diagnostic_train_runs/yolo11m/weights/best.pt,0.5,0.25,512,43.28,92,80,64,16,28,0.8,0.6956521739130435,0.7441860465116279,0.8102344935866233,0.8933718697984019,-12,12
val,yolo11m,f6b16c885c0b2bc0d0eb2bb2eeb0a2753ebafb5a7a91da10e89b0b0478984637,/home/user/cellseg-robustness-diagnostic/data/raw/dsb2018/stage1_train/f6b16c885c0b2bc0d0eb2bb2eeb0a2753ebafb5a7a91da10e89b0b0478984637/images/f6b16c885c0b2bc0d0eb2bb2eeb0a2753ebafb5a7a91da10e89b0b0478984637.png,results/supervised/yolo_capacity_diagnostic_train_runs/yolo11m/weights/best.pt,0.5,0.25,512,37.79,8,8,7,1,1,0.875,0.875,0.875,0.8469664667624492,0.9155770540262861,0,0
val,yolo11m,f6cb37ebf29c225284c8415962f7287abe7007fae8fe3d8a3899b608b832d7d5,/home/user/cellseg-robustness-diagnostic/data/raw/dsb2018/stage1_train/f6cb37ebf29c225284c8415962f7287abe7007fae8fe3d8a3899b608b832d7d5/images/f6cb37ebf29c225284c8415962f7287abe7007fae8fe3d8a3899b608b832d7d5.png,results/supervised/yolo_capacity_diagnostic_train_runs/yolo11m/weights/best.pt,0.5,0.25,512,39.047,17,17,17,0,0,1.0,1.0,1.0,0.9129546708654539,0.9538141185339386,0,0
val,yolo11m,f728de04267283f0b4daab9a840e7433b2c6034baf195fd526850439c9297687,/home/user/cellseg-robustness-diagnostic/data/raw/dsb2018/stage1_train/f728de04267283f0b4daab9a840e7433b2c6034baf195fd526850439c9297687/images/f728de04267283f0b4daab9a840e7433b2c6034baf195fd526850439c9297687.png,results/supervised/yolo_capacity_diagnostic_train_runs/yolo11m/weights/best.pt,0.5,0.25,512,45.854,54,48,45,3,9,0.9375,0.8333333333333334,0.8823529411764706,0.8316546050534254,0.9063225010161378,-6,6
val,yolo11m,f73e37957c74f554be132986f38b6f1d75339f636dfe2b681a0cf3f88d2733af,/home/user/cellseg-robustness-diagnostic/data/raw/dsb2018/stage1_train/f73e37957c74f554be132986f38b6f1d75339f636dfe2b681a0cf3f88d2733af/images/f73e37957c74f554be132986f38b6f1d75339f636dfe2b681a0cf3f88d2733af.png,results/supervised/yolo_capacity_diagnostic_train_runs/yolo11m/weights/best.pt,0.5,0.25,512,45.042,37,46,33,13,4,0.717391304347826,0.8918918918918919,0.7951807228915664,0.7893146456837947,0.8788239405089219,9,9
val,yolo11m,f7e5dcfc9c93183c668c5a4ab028d5faad54fb54298711f2caae0508aa978300,/home/user/cellseg-robustness-diagnostic/data/raw/dsb2018/stage1_train/f7e5dcfc9c93183c668c5a4ab028d5faad54fb54298711f2caae0508aa978300/images/f7e5dcfc9c93183c668c5a4ab028d5faad54fb54298711f2caae0508aa978300.png,results/supervised/yolo_capacity_diagnostic_train_runs/yolo11m/weights/best.pt,0.5,0.25,512,43.003,26,30,23,7,3,0.7666666666666667,0.8846153846153846,0.8214285714285715,0.8121730438671421,0.894113002599968,4,4
val,yolo11m,f7eaaf420b5204c4a42577428b7cd897a53ef07b759ccbba3ed30a3548ca5605,/home/user/cellseg-robustness-diagnostic/data/raw/dsb2018/stage1_train/f7eaaf420b5204c4a42577428b7cd897a53ef07b759ccbba3ed30a3548ca5605/images/f7eaaf420b5204c4a42577428b7cd897a53ef07b759ccbba3ed30a3548ca5605.png,results/supervised/yolo_capacity_diagnostic_train_runs/yolo11m/weights/best.pt,0.5,0.25,512,42.35,11,12,11,1,0,0.9166666666666666,1.0,0.9565217391304348,0.8777497918410554,0.9346702872453907,1,1
val,yolo11m,f81ca7ee25e733ff37240c34c8e3044d9937bb0166e315952ebde3f237ecb86f,/home/user/cellseg-robustness-diagnostic/data/raw/dsb2018/stage1_train/f81ca7ee25e733ff37240c34c8e3044d9937bb0166e315952ebde3f237ecb86f/images/f81ca7ee25e733ff37240c34c8e3044d9937bb0166e315952ebde3f237ecb86f.png,results/supervised/yolo_capacity_diagnostic_train_runs/yolo11m/weights/best.pt,0.5,0.25,512,45.232,20,18,17,1,3,0.9444444444444444,0.85,0.8947368421052632,0.8822221644657312,0.9365024039939848,-2,2
val,yolo11m,f8e74d4006dd68c1dbe68df7be905835e00d8ba4916f3b18884509a15fdc0b55,/home/user/cellseg-robustness-diagnostic/data/raw/dsb2018/stage1_train/f8e74d4006dd68c1dbe68df7be905835e00d8ba4916f3b18884509a15fdc0b55/images/f8e74d4006dd68c1dbe68df7be905835e00d8ba4916f3b18884509a15fdc0b55.png,results/supervised/yolo_capacity_diagnostic_train_runs/yolo11m/weights/best.pt,0.5,0.25,512,42.623,57,56,38,18,19,0.6785714285714286,0.6666666666666666,0.6725663716814159,0.8135370132941793,0.8953753836795999,-1,1
val,yolo11m,f93ec5e683d81005ffc2a84a1c0299b2406ad14b764b824e013f7ca3a13833b5,/home/user/cellseg-robustness-diagnostic/data/raw/dsb2018/stage1_train/f93ec5e683d81005ffc2a84a1c0299b2406ad14b764b824e013f7ca3a13833b5/images/f93ec5e683d81005ffc2a84a1c0299b2406ad14b764b824e013f7ca3a13833b5.png,results/supervised/yolo_capacity_diagnostic_train_runs/yolo11m/weights/best.pt,0.5,0.25,512,40.651,32,31,31,0,1,1.0,0.96875,0.9841269841269841,0.863529456519007,0.9257151733480063,-1,1
val,yolo11m,f952cc65376009cfad8249e53b9b2c0daaa3553e897096337d143c625c2df886,/home/user/cellseg-robustness-diagnostic/data/raw/dsb2018/stage1_train/f952cc65376009cfad8249e53b9b2c0daaa3553e897096337d143c625c2df886/images/f952cc65376009cfad8249e53b9b2c0daaa3553e897096337d143c625c2df886.png,results/supervised/yolo_capacity_diagnostic_train_runs/yolo11m/weights/best.pt,0.5,0.25,512,166.21,151,191,136,55,15,0.7120418848167539,0.9006622516556292,0.7953216374269007,0.7061010746606482,0.8241174059218421,40,40
val,yolo11m,f9ac03b0344ce8c48bc058448541f9211a1e5f4c94fdaf633dd534328d8610ab,/home/user/cellseg-robustness-diagnostic/data/raw/dsb2018/stage1_train/f9ac03b0344ce8c48bc058448541f9211a1e5f4c94fdaf633dd534328d8610ab/images/f9ac03b0344ce8c48bc058448541f9211a1e5f4c94fdaf633dd534328d8610ab.png,results/supervised/yolo_capacity_diagnostic_train_runs/yolo11m/weights/best.pt,0.5,0.25,512,104.819,20,22,20,2,0,0.9090909090909091,1.0,0.9523809523809523,0.8849158260431951,0.9384331253113508,2,2
val,yolo11m,f9ea1a1159c33f39bbe5f18bb278d961188b40508277eab7c0b4b91219b37b5d,/home/user/cellseg-robustness-diagnostic/data/raw/dsb2018/stage1_train/f9ea1a1159c33f39bbe5f18bb278d961188b40508277eab7c0b4b91219b37b5d/images/f9ea1a1159c33f39bbe5f18bb278d961188b40508277eab7c0b4b91219b37b5d.png,results/supervised/yolo_capacity_diagnostic_train_runs/yolo11m/weights/best.pt,0.5,0.25,512,89.205,25,22,20,2,5,0.9090909090909091,0.8,0.8510638297872342,0.8582812267345142,0.9190966941581994,-3,3
val,yolo11m,fa73f24532b3667718ede7ac5c2e24ad7d3cae17b0a42ed17bbb81b15c28f4ae,/home/user/cellseg-robustness-diagnostic/data/raw/dsb2018/stage1_train/fa73f24532b3667718ede7ac5c2e24ad7d3cae17b0a42ed17bbb81b15c28f4ae/images/fa73f24532b3667718ede7ac5c2e24ad7d3cae17b0a42ed17bbb81b15c28f4ae.png,results/supervised/yolo_capacity_diagnostic_train_runs/yolo11m/weights/best.pt,0.5,0.25,512,88.848,7,7,5,2,2,0.7142857142857143,0.7142857142857143,0.7142857142857143,0.8163926178528245,0.8985158633042742,0,0
val,yolo11m,fa751ff3a6332c95cb5cb1d28563553914295e9e7d35c4b6bd267241e8a0787c,/home/user/cellseg-robustness-diagnostic/data/raw/dsb2018/stage1_train/fa751ff3a6332c95cb5cb1d28563553914295e9e7d35c4b6bd267241e8a0787c/images/fa751ff3a6332c95cb5cb1d28563553914295e9e7d35c4b6bd267241e8a0787c.png,results/supervised/yolo_capacity_diagnostic_train_runs/yolo11m/weights/best.pt,0.5,0.25,512,40.636,43,45,43,2,0,0.9555555555555556,1.0,0.9772727272727273,0.8635150134889608,0.9259316568905737,2,2
val,yolo11m,fadeb0ab092833f27daaeb3e24223eb090f9536b83f68cde8f49df7c544f711b,/home/user/cellseg-robustness-diagnostic/data/raw/dsb2018/stage1_train/fadeb0ab092833f27daaeb3e24223eb090f9536b83f68cde8f49df7c544f711b/images/fadeb0ab092833f27daaeb3e24223eb090f9536b83f68cde8f49df7c544f711b.png,results/supervised/yolo_capacity_diagnostic_train_runs/yolo11m/weights/best.pt,0.5,0.25,512,38.689,39,45,38,7,1,0.8444444444444444,0.9743589743589743,0.9047619047619048,0.7669985373640866,0.8642968962332777,6,6
val,yolo11m,fc22db33a2495f58f118bc182c0087e140df14ccb8dad51373e1a54381f683de,/home/user/cellseg-robustness-diagnostic/data/raw/dsb2018/stage1_train/fc22db33a2495f58f118bc182c0087e140df14ccb8dad51373e1a54381f683de/images/fc22db33a2495f58f118bc182c0087e140df14ccb8dad51373e1a54381f683de.png,results/supervised/yolo_capacity_diagnostic_train_runs/yolo11m/weights/best.pt,0.5,0.25,512,46.711,89,88,84,4,5,0.9545454545454546,0.9438202247191011,0.9491525423728814,0.8317200884725573,0.9071159690939504,-1,1
val,yolo11m,fc345dac2205deb169bd70197f07f053bada80b61ffa69fdfb490758323ead69,/home/user/cellseg-robustness-diagnostic/data/raw/dsb2018/stage1_train/fc345dac2205deb169bd70197f07f053bada80b61ffa69fdfb490758323ead69/images/fc345dac2205deb169bd70197f07f053bada80b61ffa69fdfb490758323ead69.png,results/supervised/yolo_capacity_diagnostic_train_runs/yolo11m/weights/best.pt,0.5,0.25,512,37.8,10,10,10,0,0,1.0,1.0,1.0,0.879726181861473,0.9329571421529625,0,0
val,yolo11m,fc5452f612a0f972fe55cc677055ede662af6723b5c1615ad539b8a4bd279bdb,/home/user/cellseg-robustness-diagnostic/data/raw/dsb2018/stage1_train/fc5452f612a0f972fe55cc677055ede662af6723b5c1615ad539b8a4bd279bdb/images/fc5452f612a0f972fe55cc677055ede662af6723b5c1615ad539b8a4bd279bdb.png,results/supervised/yolo_capacity_diagnostic_train_runs/yolo11m/weights/best.pt,0.5,0.25,512,39.412,32,45,26,19,6,0.5777777777777777,0.8125,0.6753246753246752,0.7342428904906979,0.8434401896888333,13,13
val,yolo11m,fc9269fb2e651cd4a32b65ae164f79b0a2ea823e0a83508c85d7985a6bed43cf,/home/user/cellseg-robustness-diagnostic/data/raw/dsb2018/stage1_train/fc9269fb2e651cd4a32b65ae164f79b0a2ea823e0a83508c85d7985a6bed43cf/images/fc9269fb2e651cd4a32b65ae164f79b0a2ea823e0a83508c85d7985a6bed43cf.png,results/supervised/yolo_capacity_diagnostic_train_runs/yolo11m/weights/best.pt,0.5,0.25,512,36.217,5,6,5,1,0,0.8333333333333334,1.0,0.9090909090909091,0.8490977750793519,0.9175896086876527,1,1
val,yolo11m,fd8065bcb1afdbed19e028465d5d00cd2ecadc4558de05c6fa28bea3c817aa22,/home/user/cellseg-robustness-diagnostic/data/raw/dsb2018/stage1_train/fd8065bcb1afdbed19e028465d5d00cd2ecadc4558de05c6fa28bea3c817aa22/images/fd8065bcb1afdbed19e028465d5d00cd2ecadc4558de05c6fa28bea3c817aa22.png,results/supervised/yolo_capacity_diagnostic_train_runs/yolo11m/weights/best.pt,0.5,0.25,512,42.45,52,74,48,26,4,0.6486486486486487,0.9230769230769231,0.7619047619047619,0.7460182756957886,0.8508581513774686,22,22
val,yolo11m,fdda64c47361b0d1a146e5b7b48dc6b7de615ea80b31f01227a3b16469589528,/home/user/cellseg-robustness-diagnostic/data/raw/dsb2018/stage1_train/fdda64c47361b0d1a146e5b7b48dc6b7de615ea80b31f01227a3b16469589528/images/fdda64c47361b0d1a146e5b7b48dc6b7de615ea80b31f01227a3b16469589528.png,results/supervised/yolo_capacity_diagnostic_train_runs/yolo11m/weights/best.pt,0.5,0.25,512,39.618,30,45,25,20,5,0.5555555555555556,0.8333333333333334,0.6666666666666667,0.72705307352805,0.8375889187004263,15,15
val,yolo11m,fe80a2cf3c93dafad8c364fdd1646b0ba4db056cdb7bdb81474f957064812bba,/home/user/cellseg-robustness-diagnostic/data/raw/dsb2018/stage1_train/fe80a2cf3c93dafad8c364fdd1646b0ba4db056cdb7bdb81474f957064812bba/images/fe80a2cf3c93dafad8c364fdd1646b0ba4db056cdb7bdb81474f957064812bba.png,results/supervised/yolo_capacity_diagnostic_train_runs/yolo11m/weights/best.pt,0.5,0.25,512,35.575,11,11,11,0,0,1.0,1.0,1.0,0.8971820639068381,0.9455398890571209,0,0
val,yolo11m,fec226e45f49ab81ab71e0eaa1248ba09b56a328338dce93a43f4044eababed5,/home/user/cellseg-robustness-diagnostic/data/raw/dsb2018/stage1_train/fec226e45f49ab81ab71e0eaa1248ba09b56a328338dce93a43f4044eababed5/images/fec226e45f49ab81ab71e0eaa1248ba09b56a328338dce93a43f4044eababed5.png,results/supervised/yolo_capacity_diagnostic_train_runs/yolo11m/weights/best.pt,0.5,0.25,512,41.682,13,14,13,1,0,0.9285714285714286,1.0,0.962962962962963,0.8571497606929442,0.9214154677947446,1,1
val,yolo11m,feffce59a1a3eb0a6a05992bb7423c39c7d52865846da36d89e2a72c379e5398,/home/user/cellseg-robustness-diagnostic/data/raw/dsb2018/stage1_train/feffce59a1a3eb0a6a05992bb7423c39c7d52865846da36d89e2a72c379e5398/images/feffce59a1a3eb0a6a05992bb7423c39c7d52865846da36d89e2a72c379e5398.png,results/supervised/yolo_capacity_diagnostic_train_runs/yolo11m/weights/best.pt,0.5,0.25,512,39.585,38,45,30,15,8,0.6666666666666666,0.7894736842105263,0.7228915662650601,0.7785562389803016,0.8720733658393561,7,7
val,yolo11m,ff3407842ada5bc18be79ae453e5bdaa1b68afc842fc22fa618ac6e6599d0bb3,/home/user/cellseg-robustness-diagnostic/data/raw/dsb2018/stage1_train/ff3407842ada5bc18be79ae453e5bdaa1b68afc842fc22fa618ac6e6599d0bb3/images/ff3407842ada5bc18be79ae453e5bdaa1b68afc842fc22fa618ac6e6599d0bb3.png,results/supervised/yolo_capacity_diagnostic_train_runs/yolo11m/weights/best.pt,0.5,0.25,512,36.605,19,19,19,0,0,1.0,1.0,1.0,0.898487673075172,0.9456282790226875,0,0
val,yolo11m,ff3e512b5fb860e5855d0c05b6cf5a6bcc7792e4be1f0bdab5a00af0e18435c0,/home/user/cellseg-robustness-diagnostic/data/raw/dsb2018/stage1_train/ff3e512b5fb860e5855d0c05b6cf5a6bcc7792e4be1f0bdab5a00af0e18435c0/images/ff3e512b5fb860e5855d0c05b6cf5a6bcc7792e4be1f0bdab5a00af0e18435c0.png,results/supervised/yolo_capacity_diagnostic_train_runs/yolo11m/weights/best.pt,0.5,0.25,512,38.901,13,14,12,2,1,0.8571428571428571,0.9230769230769231,0.888888888888889,0.818707864625932,0.8991219869493116,1,1
val,yolo11m,ff599c7301daa1f783924ac8cbe3ce7b42878f15a39c2d19659189951f540f48,/home/user/cellseg-robustness-diagnostic/data/raw/dsb2018/stage1_train/ff599c7301daa1f783924ac8cbe3ce7b42878f15a39c2d19659189951f540f48/images/ff599c7301daa1f783924ac8cbe3ce7b42878f15a39c2d19659189951f540f48.png,results/supervised/yolo_capacity_diagnostic_train_runs/yolo11m/weights/best.pt,0.5,0.25,512,39.62,24,24,24,0,0,1.0,1.0,1.0,0.9009214363595458,0.9463393854461163,0,0
