split,image_id,source_image_path,checkpoint,iou_threshold,conf,imgsz,latency_ms,true_instances,pred_instances,matched_instances,false_positives,false_negatives,precision,recall,object_f1,mean_matched_iou,mean_matched_dice,count_error,absolute_count_error
val,c9f305be17312bdb9530fb4f1adc6d29730ddbe0e74730cbf031de174bf437b7,/home/user/cellseg-robustness-diagnostic/data/raw/dsb2018/stage1_train/c9f305be17312bdb9530fb4f1adc6d29730ddbe0e74730cbf031de174bf437b7/images/c9f305be17312bdb9530fb4f1adc6d29730ddbe0e74730cbf031de174bf437b7.png,results/supervised/yolo_fixed_budget_train_run/weights/best.pt,0.5,0.25,512,1401.869,20,19,19,0,1,1.0,0.95,0.9743589743589743,0.9294910700060726,0.963036359464895,-1,1
val,cab4875269f44a701c5e58190a1d2f6fcb577ea79d842522dcab20ccb39b7ad2,/home/user/cellseg-robustness-diagnostic/data/raw/dsb2018/stage1_train/cab4875269f44a701c5e58190a1d2f6fcb577ea79d842522dcab20ccb39b7ad2/images/cab4875269f44a701c5e58190a1d2f6fcb577ea79d842522dcab20ccb39b7ad2.png,results/supervised/yolo_fixed_budget_train_run/weights/best.pt,0.5,0.25,512,18.384,14,15,14,1,0,0.9333333333333333,1.0,0.9655172413793104,0.8804108228928388,0.9360135668120421,1,1
val,cb4df20a83b2f38b394c67f1d9d4aef29f9794d5345da3576318374ec3a11490,/home/user/cellseg-robustness-diagnostic/data/raw/dsb2018/stage1_train/cb4df20a83b2f38b394c67f1d9d4aef29f9794d5345da3576318374ec3a11490/images/cb4df20a83b2f38b394c67f1d9d4aef29f9794d5345da3576318374ec3a11490.png,results/supervised/yolo_fixed_budget_train_run/weights/best.pt,0.5,0.25,512,158.104,250,113,12,101,238,0.10619469026548672,0.048,0.06611570247933884,0.5723730587385271,0.7257196766809715,-137,137
val,cbca32daaae36a872a11da4eaff65d1068ff3f154eedc9d3fc0c214a4e5d32bd,/home/user/cellseg-robustness-diagnostic/data/raw/dsb2018/stage1_train/cbca32daaae36a872a11da4eaff65d1068ff3f154eedc9d3fc0c214a4e5d32bd/images/cbca32daaae36a872a11da4eaff65d1068ff3f154eedc9d3fc0c214a4e5d32bd.png,results/supervised/yolo_fixed_budget_train_run/weights/best.pt,0.5,0.25,512,85.192,112,108,87,21,25,0.8055555555555556,0.7767857142857143,0.790909090909091,0.7684378810561888,0.8655878216240568,-4,4
val,cbff60361ded0570e5d50429a1aa51d81471819bc9b38359f03cfef76de0038c,/home/user/cellseg-robustness-diagnostic/data/raw/dsb2018/stage1_train/cbff60361ded0570e5d50429a1aa51d81471819bc9b38359f03cfef76de0038c/images/cbff60361ded0570e5d50429a1aa51d81471819bc9b38359f03cfef76de0038c.png,results/supervised/yolo_fixed_budget_train_run/weights/best.pt,0.5,0.25,512,23.929,76,75,57,18,19,0.76,0.75,0.7549668874172186,0.7547166787600377,0.856278869386152,-1,1
val,cc88627344305b9a9b07f8bd042cb074c7a834c13de67ff4b24914ac68f07f6e,/home/user/cellseg-robustness-diagnostic/data/raw/dsb2018/stage1_train/cc88627344305b9a9b07f8bd042cb074c7a834c13de67ff4b24914ac68f07f6e/images/cc88627344305b9a9b07f8bd042cb074c7a834c13de67ff4b24914ac68f07f6e.png,results/supervised/yolo_fixed_budget_train_run/weights/best.pt,0.5,0.25,512,99.787,135,139,132,7,3,0.9496402877697842,0.9777777777777777,0.9635036496350364,0.8559376443275503,0.921356749146303,4,4
val,cdab367b30db47061df837c1ae9fa875d6057614f797332d37d3513517d6c694,/home/user/cellseg-robustness-diagnostic/data/raw/dsb2018/stage1_train/cdab367b30db47061df837c1ae9fa875d6057614f797332d37d3513517d6c694/images/cdab367b30db47061df837c1ae9fa875d6057614f797332d37d3513517d6c694.png,results/supervised/yolo_fixed_budget_train_run/weights/best.pt,0.5,0.25,512,19.619,22,26,22,4,0,0.8461538461538461,1.0,0.9166666666666666,0.9230536845005937,0.9583304441166071,4,4
val,ce37f6dd0615d45e66e41a8f2ed6fbc0bbe3103a290394ad474207507710eacc,/home/user/cellseg-robustness-diagnostic/data/raw/dsb2018/stage1_train/ce37f6dd0615d45e66e41a8f2ed6fbc0bbe3103a290394ad474207507710eacc/images/ce37f6dd0615d45e66e41a8f2ed6fbc0bbe3103a290394ad474207507710eacc.png,results/supervised/yolo_fixed_budget_train_run/weights/best.pt,0.5,0.25,512,14.815,8,8,8,0,0,1.0,1.0,1.0,0.7916224675169128,0.8784673714004535,0,0
val,ce88df7356d9d4a8d5944a93768f4c4b593de2d35616f7448c2b37b9fd60dd1f,/home/user/cellseg-robustness-diagnostic/data/raw/dsb2018/stage1_train/ce88df7356d9d4a8d5944a93768f4c4b593de2d35616f7448c2b37b9fd60dd1f/images/ce88df7356d9d4a8d5944a93768f4c4b593de2d35616f7448c2b37b9fd60dd1f.png,results/supervised/yolo_fixed_budget_train_run/weights/best.pt,0.5,0.25,512,18.031,58,57,49,8,9,0.8596491228070176,0.8448275862068966,0.8521739130434783,0.8119037612655485,0.8942140692039837,-1,1
val,ce9e1a58b58940039ae841466198b72ea21cc90584039a9294b47f5aef17ddfa,/home/user/cellseg-robustness-diagnostic/data/raw/dsb2018/stage1_train/ce9e1a58b58940039ae841466198b72ea21cc90584039a9294b47f5aef17ddfa/images/ce9e1a58b58940039ae841466198b72ea21cc90584039a9294b47f5aef17ddfa.png,results/supervised/yolo_fixed_budget_train_run/weights/best.pt,0.5,0.25,512,17.731,32,30,27,3,5,0.9,0.84375,0.870967741935484,0.833221935767863,0.9061461137442431,-2,2
val,cf26c41245febfe67c2a1682cc4ee8752ee40ae3e49610314f45923b8bf5b08a,/home/user/cellseg-robustness-diagnostic/data/raw/dsb2018/stage1_train/cf26c41245febfe67c2a1682cc4ee8752ee40ae3e49610314f45923b8bf5b08a/images/cf26c41245febfe67c2a1682cc4ee8752ee40ae3e49610314f45923b8bf5b08a.png,results/supervised/yolo_fixed_budget_train_run/weights/best.pt,0.5,0.25,512,19.025,40,41,39,2,1,0.9512195121951219,0.975,0.9629629629629629,0.7936436692923297,0.8838405588491941,1,1
val,cfabf7379c5591d40aa4a20c86b4197c6a25ab55887a9fca4f06c2dfc0f0e973,/home/user/cellseg-robustness-diagnostic/data/raw/dsb2018/stage1_train/cfabf7379c5591d40aa4a20c86b4197c6a25ab55887a9fca4f06c2dfc0f0e973/images/cfabf7379c5591d40aa4a20c86b4197c6a25ab55887a9fca4f06c2dfc0f0e973.png,results/supervised/yolo_fixed_budget_train_run/weights/best.pt,0.5,0.25,512,17.473,25,24,23,1,2,0.9583333333333334,0.92,0.9387755102040817,0.898763639892492,0.9433785672982011,-1,1
val,d0f2a00d3155c243048bc48944aef93fb08e2258d1fa5f9ccadd9140082bc22f,/home/user/cellseg-robustness-diagnostic/data/raw/dsb2018/stage1_train/d0f2a00d3155c243048bc48944aef93fb08e2258d1fa5f9ccadd9140082bc22f/images/d0f2a00d3155c243048bc48944aef93fb08e2258d1fa5f9ccadd9140082bc22f.png,results/supervised/yolo_fixed_budget_train_run/weights/best.pt,0.5,0.25,512,19.607,29,27,24,3,5,0.8888888888888888,0.8275862068965517,0.8571428571428572,0.8802866292349139,0.932049917789283,-2,2
val,d1b173875e2261f55014bd27bd7174b9ae1c769338c1b31b5d737e9e60175993,/home/user/cellseg-robustness-diagnostic/data/raw/dsb2018/stage1_train/d1b173875e2261f55014bd27bd7174b9ae1c769338c1b31b5d737e9e60175993/images/d1b173875e2261f55014bd27bd7174b9ae1c769338c1b31b5d737e9e60175993.png,results/supervised/yolo_fixed_budget_train_run/weights/best.pt,0.5,0.25,512,16.601,9,10,9,1,0,0.9,1.0,0.9473684210526316,0.8810180737510712,0.9363507081017519,1,1
val,d1ba6089cae2f90cb7275ece10ca393c25f60ea17e5c9c3cea2399d31fd41869,/home/user/cellseg-robustness-diagnostic/data/raw/dsb2018/stage1_train/d1ba6089cae2f90cb7275ece10ca393c25f60ea17e5c9c3cea2399d31fd41869/images/d1ba6089cae2f90cb7275ece10ca393c25f60ea17e5c9c3cea2399d31fd41869.png,results/supervised/yolo_fixed_budget_train_run/weights/best.pt,0.5,0.25,512,15.942,22,29,19,10,3,0.6551724137931034,0.8636363636363636,0.7450980392156864,0.7737088024862494,0.8693454795936885,7,7
val,d1dbc6ee7c44a7027e935d040e496793186b884a1028d0e26284a206c6f5aff0,/home/user/cellseg-robustness-diagnostic/data/raw/dsb2018/stage1_train/d1dbc6ee7c44a7027e935d040e496793186b884a1028d0e26284a206c6f5aff0/images/d1dbc6ee7c44a7027e935d040e496793186b884a1028d0e26284a206c6f5aff0.png,results/supervised/yolo_fixed_budget_train_run/weights/best.pt,0.5,0.25,512,15.031,17,18,11,7,6,0.6111111111111112,0.6470588235294118,0.6285714285714287,0.7686436961961474,0.8642089682381656,1,1
val,d256b32adda37f2301c9e46f34b7f9a36cce273256369ceb5dc2c73c3007e3c4,/home/user/cellseg-robustness-diagnostic/data/raw/dsb2018/stage1_train/d256b32adda37f2301c9e46f34b7f9a36cce273256369ceb5dc2c73c3007e3c4/images/d256b32adda37f2301c9e46f34b7f9a36cce273256369ceb5dc2c73c3007e3c4.png,results/supervised/yolo_fixed_budget_train_run/weights/best.pt,0.5,0.25,512,18.305,33,43,26,17,7,0.6046511627906976,0.7878787878787878,0.6842105263157895,0.7624705358764075,0.8619329553383192,10,10
val,d2815f2f616d92be35c7e8dcfe592deec88516aef9ffc9b21257f52b7d6d0354,/home/user/cellseg-robustness-diagnostic/data/raw/dsb2018/stage1_train/d2815f2f616d92be35c7e8dcfe592deec88516aef9ffc9b21257f52b7d6d0354/images/d2815f2f616d92be35c7e8dcfe592deec88516aef9ffc9b21257f52b7d6d0354.png,results/supervised/yolo_fixed_budget_train_run/weights/best.pt,0.5,0.25,512,16.746,14,18,13,5,1,0.7222222222222222,0.9285714285714286,0.8125000000000001,0.8600867466714827,0.9241520407199671,4,4
val,d2ce593bddf9998ce3b76328c0151d0ba4b644c293aca7f6254e521c448b305f,/home/user/cellseg-robustness-diagnostic/data/raw/dsb2018/stage1_train/d2ce593bddf9998ce3b76328c0151d0ba4b644c293aca7f6254e521c448b305f/images/d2ce593bddf9998ce3b76328c0151d0ba4b644c293aca7f6254e521c448b305f.png,results/supervised/yolo_fixed_budget_train_run/weights/best.pt,0.5,0.25,512,15.027,12,12,11,1,1,0.9166666666666666,0.9166666666666666,0.9166666666666666,0.8639744076439673,0.9232496184416192,0,0
val,d32ea6d318626ca14a967d0c1ad3218aebfe636624a8d1173f5150dde8ff38cf,/home/user/cellseg-robustness-diagnostic/data/raw/dsb2018/stage1_train/d32ea6d318626ca14a967d0c1ad3218aebfe636624a8d1173f5150dde8ff38cf/images/d32ea6d318626ca14a967d0c1ad3218aebfe636624a8d1173f5150dde8ff38cf.png,results/supervised/yolo_fixed_budget_train_run/weights/best.pt,0.5,0.25,512,14.481,10,10,10,0,0,1.0,1.0,1.0,0.8907357071009742,0.9417452578662658,0,0
val,d35f25c8e3f7fca5232fc4d5e3faf14b025b20b3731af77fe971a5e2e9d69d28,/home/user/cellseg-robustness-diagnostic/data/raw/dsb2018/stage1_train/d35f25c8e3f7fca5232fc4d5e3faf14b025b20b3731af77fe971a5e2e9d69d28/images/d35f25c8e3f7fca5232fc4d5e3faf14b025b20b3731af77fe971a5e2e9d69d28.png,results/supervised/yolo_fixed_budget_train_run/weights/best.pt,0.5,0.25,512,17.294,35,34,34,0,1,1.0,0.9714285714285714,0.9855072463768115,0.8750245378202184,0.9327540026739977,-1,1
val,d3ce382f190ee24729bd2e80684c11bef72bc9c733cdbbc19a17d2c1b2e775f7,/home/user/cellseg-robustness-diagnostic/data/raw/dsb2018/stage1_train/d3ce382f190ee24729bd2e80684c11bef72bc9c733cdbbc19a17d2c1b2e775f7/images/d3ce382f190ee24729bd2e80684c11bef72bc9c733cdbbc19a17d2c1b2e775f7.png,results/supervised/yolo_fixed_budget_train_run/weights/best.pt,0.5,0.25,512,14.254,8,8,7,1,1,0.875,0.875,0.875,0.8390222729227182,0.9116794732564246,0,0
val,d4d6c683f249d82518431603bf0206d05f2114ac871a99ffade0f5f61cf167e1,/home/user/cellseg-robustness-diagnostic/data/raw/dsb2018/stage1_train/d4d6c683f249d82518431603bf0206d05f2114ac871a99ffade0f5f61cf167e1/images/d4d6c683f249d82518431603bf0206d05f2114ac871a99ffade0f5f61cf167e1.png,results/supervised/yolo_fixed_budget_train_run/weights/best.pt,0.5,0.25,512,16.44,10,10,10,0,0,1.0,1.0,1.0,0.8765246262959072,0.9339489696930823,0,0
val,d4d88391bc399a3715440d4da9f8b7a973e010dc1edd9551df2e5a538685add5,/home/user/cellseg-robustness-diagnostic/data/raw/dsb2018/stage1_train/d4d88391bc399a3715440d4da9f8b7a973e010dc1edd9551df2e5a538685add5/images/d4d88391bc399a3715440d4da9f8b7a973e010dc1edd9551df2e5a538685add5.png,results/supervised/yolo_fixed_budget_train_run/weights/best.pt,0.5,0.25,512,18.58,24,22,21,1,3,0.9545454545454546,0.875,0.9130434782608695,0.8840506831797557,0.9349881010973704,-2,2
val,d52958107d0b1f0288f50f346a833df3df485b92d5516cfcb536e73ab7adafd0,/home/user/cellseg-robustness-diagnostic/data/raw/dsb2018/stage1_train/d52958107d0b1f0288f50f346a833df3df485b92d5516cfcb536e73ab7adafd0/images/d52958107d0b1f0288f50f346a833df3df485b92d5516cfcb536e73ab7adafd0.png,results/supervised/yolo_fixed_budget_train_run/weights/best.pt,0.5,0.25,512,41.168,126,127,124,3,2,0.9763779527559056,0.9841269841269841,0.9802371541501976,0.8569727641107586,0.9221767518204445,1,1
val,d6a880b1f6056f3086679de5c810e7af87cdf3bbbd0533a83e3681817fce40fc,/home/user/cellseg-robustness-diagnostic/data/raw/dsb2018/stage1_train/d6a880b1f6056f3086679de5c810e7af87cdf3bbbd0533a83e3681817fce40fc/images/d6a880b1f6056f3086679de5c810e7af87cdf3bbbd0533a83e3681817fce40fc.png,results/supervised/yolo_fixed_budget_train_run/weights/best.pt,0.5,0.25,512,20.574,77,59,51,8,26,0.864406779661017,0.6623376623376623,0.75,0.6972301610731069,0.8184852454930823,-18,18
val,d751ccb64fa767a65a966061218438bd1860695d96bbef11fdb2f0d3b8dedba8,/home/user/cellseg-robustness-diagnostic/data/raw/dsb2018/stage1_train/d751ccb64fa767a65a966061218438bd1860695d96bbef11fdb2f0d3b8dedba8/images/d751ccb64fa767a65a966061218438bd1860695d96bbef11fdb2f0d3b8dedba8.png,results/supervised/yolo_fixed_budget_train_run/weights/best.pt,0.5,0.25,512,17.863,28,24,22,2,6,0.9166666666666666,0.7857142857142857,0.8461538461538461,0.9114452196213594,0.9521525026800454,-4,4
val,d7d12a2acc47a94961aeb56fd56e8a0873016af75f5dd10915de9db8af8e4f5e,/home/user/cellseg-robustness-diagnostic/data/raw/dsb2018/stage1_train/d7d12a2acc47a94961aeb56fd56e8a0873016af75f5dd10915de9db8af8e4f5e/images/d7d12a2acc47a94961aeb56fd56e8a0873016af75f5dd10915de9db8af8e4f5e.png,results/supervised/yolo_fixed_budget_train_run/weights/best.pt,0.5,0.25,512,17.614,22,20,19,1,3,0.95,0.8636363636363636,0.9047619047619048,0.8321046062655648,0.9033222000650433,-2,2
val,d7db360fabfce9828559a21f6bffff589ae868e0dc6101d7c1212de34a25e3cb,/home/user/cellseg-robustness-diagnostic/data/raw/dsb2018/stage1_train/d7db360fabfce9828559a21f6bffff589ae868e0dc6101d7c1212de34a25e3cb/images/d7db360fabfce9828559a21f6bffff589ae868e0dc6101d7c1212de34a25e3cb.png,results/supervised/yolo_fixed_budget_train_run/weights/best.pt,0.5,0.25,512,17.706,27,24,22,2,5,0.9166666666666666,0.8148148148148148,0.8627450980392156,0.8902551845007944,0.9390066955755046,-3,3
val,d7ec8003735996458b56ccb8ae34d080eb2a6adabef931323239632515b4b220,/home/user/cellseg-robustness-diagnostic/data/raw/dsb2018/stage1_train/d7ec8003735996458b56ccb8ae34d080eb2a6adabef931323239632515b4b220/images/d7ec8003735996458b56ccb8ae34d080eb2a6adabef931323239632515b4b220.png,results/supervised/yolo_fixed_budget_train_run/weights/best.pt,0.5,0.25,512,14.856,7,7,7,0,0,1.0,1.0,1.0,0.7795313993365942,0.8739826768684766,0,0
val,d7fc0d0a7339211f2433829c6553b762e2b9ef82cfe218d58ecae6643fa8e9c7,/home/user/cellseg-robustness-diagnostic/data/raw/dsb2018/stage1_train/d7fc0d0a7339211f2433829c6553b762e2b9ef82cfe218d58ecae6643fa8e9c7/images/d7fc0d0a7339211f2433829c6553b762e2b9ef82cfe218d58ecae6643fa8e9c7.png,results/supervised/yolo_fixed_budget_train_run/weights/best.pt,0.5,0.25,512,15.388,18,21,18,3,0,0.8571428571428571,1.0,0.923076923076923,0.8636160773496692,0.9257480055993236,3,3
val,d827a7d80fc67487a3237135e0d43ae01b7bbcb135e1a167601fc974a8348c51,/home/user/cellseg-robustness-diagnostic/data/raw/dsb2018/stage1_train/d827a7d80fc67487a3237135e0d43ae01b7bbcb135e1a167601fc974a8348c51/images/d827a7d80fc67487a3237135e0d43ae01b7bbcb135e1a167601fc974a8348c51.png,results/supervised/yolo_fixed_budget_train_run/weights/best.pt,0.5,0.25,512,16.503,29,31,18,13,11,0.5806451612903226,0.6206896551724138,0.6000000000000001,0.5931396291657404,0.7432646063628625,2,2
val,d8607b21411c9c8ab532faaeba15f8818a92025897950f94ee4da4f74f53660a,/home/user/cellseg-robustness-diagnostic/data/raw/dsb2018/stage1_train/d8607b21411c9c8ab532faaeba15f8818a92025897950f94ee4da4f74f53660a/images/d8607b21411c9c8ab532faaeba15f8818a92025897950f94ee4da4f74f53660a.png,results/supervised/yolo_fixed_budget_train_run/weights/best.pt,0.5,0.25,512,18.566,24,24,23,1,1,0.9583333333333334,0.9583333333333334,0.9583333333333334,0.9209752317435524,0.9585129254622412,0,0
val,d910b2b1be8406caecfe31a503d412ffc4e3d488286242ebc7381836121dd4ef,/home/user/cellseg-robustness-diagnostic/data/raw/dsb2018/stage1_train/d910b2b1be8406caecfe31a503d412ffc4e3d488286242ebc7381836121dd4ef/images/d910b2b1be8406caecfe31a503d412ffc4e3d488286242ebc7381836121dd4ef.png,results/supervised/yolo_fixed_budget_train_run/weights/best.pt,0.5,0.25,512,15.405,24,17,16,1,8,0.9411764705882353,0.6666666666666666,0.7804878048780487,0.8419014678584636,0.9087567352221915,-7,7
val,da31f2aa8601afec5c45180a2c448cb9c4a8ec7b35e75190d6ba3588f69058c8,/home/user/cellseg-robustness-diagnostic/data/raw/dsb2018/stage1_train/da31f2aa8601afec5c45180a2c448cb9c4a8ec7b35e75190d6ba3588f69058c8/images/da31f2aa8601afec5c45180a2c448cb9c4a8ec7b35e75190d6ba3588f69058c8.png,results/supervised/yolo_fixed_budget_train_run/weights/best.pt,0.5,0.25,512,32.017,62,57,49,8,13,0.8596491228070176,0.7903225806451613,0.823529411764706,0.8467511826107077,0.9142276544604447,-5,5
val,da5f98f2b8a64eee735a398de48ed42cd31bf17a6063db46a9e0783ac13cd844,/home/user/cellseg-robustness-diagnostic/data/raw/dsb2018/stage1_train/da5f98f2b8a64eee735a398de48ed42cd31bf17a6063db46a9e0783ac13cd844/images/da5f98f2b8a64eee735a398de48ed42cd31bf17a6063db46a9e0783ac13cd844.png,results/supervised/yolo_fixed_budget_train_run/weights/best.pt,0.5,0.25,512,44.011,140,133,123,10,17,0.924812030075188,0.8785714285714286,0.9010989010989012,0.815985149620571,0.8970371686903788,-7,7
val,da79a2b105f055ce75404a04bf53bbb51d518d9381af7b4ac714c137f101d920,/home/user/cellseg-robustness-diagnostic/data/raw/dsb2018/stage1_train/da79a2b105f055ce75404a04bf53bbb51d518d9381af7b4ac714c137f101d920/images/da79a2b105f055ce75404a04bf53bbb51d518d9381af7b4ac714c137f101d920.png,results/supervised/yolo_fixed_budget_train_run/weights/best.pt,0.5,0.25,512,21.038,55,47,42,5,13,0.8936170212765957,0.7636363636363637,0.8235294117647058,0.767109871665417,0.8659898416356507,-8,8
val,da8ca06ccbb4e2a8718f7c2939ef6cc3a4088981f660842ad885a8273e740d55,/home/user/cellseg-robustness-diagnostic/data/raw/dsb2018/stage1_train/da8ca06ccbb4e2a8718f7c2939ef6cc3a4088981f660842ad885a8273e740d55/images/da8ca06ccbb4e2a8718f7c2939ef6cc3a4088981f660842ad885a8273e740d55.png,results/supervised/yolo_fixed_budget_train_run/weights/best.pt,0.5,0.25,512,19.574,60,59,57,2,3,0.9661016949152542,0.95,0.957983193277311,0.8429544571796201,0.9135085881832058,-1,1
val,dabfee30b46d23569c63fa7253ef10b2407fbe8023035a5030252313cb718097,/home/user/cellseg-robustness-diagnostic/data/raw/dsb2018/stage1_train/dabfee30b46d23569c63fa7253ef10b2407fbe8023035a5030252313cb718097/images/dabfee30b46d23569c63fa7253ef10b2407fbe8023035a5030252313cb718097.png,results/supervised/yolo_fixed_budget_train_run/weights/best.pt,0.5,0.25,512,14.757,10,10,10,0,0,1.0,1.0,1.0,0.8486089557843632,0.9174870879887452,0,0
val,dad607a203483439fcbc2acecd0a39fb5e5a94a32a94348f5c802c79cfeb6e7c,/home/user/cellseg-robustness-diagnostic/data/raw/dsb2018/stage1_train/dad607a203483439fcbc2acecd0a39fb5e5a94a32a94348f5c802c79cfeb6e7c/images/dad607a203483439fcbc2acecd0a39fb5e5a94a32a94348f5c802c79cfeb6e7c.png,results/supervised/yolo_fixed_budget_train_run/weights/best.pt,0.5,0.25,512,17.96,50,52,49,3,1,0.9423076923076923,0.98,0.9607843137254902,0.8474643782388456,0.9164745492717516,2,2
val,dae976f161fe42dc58dee87d4bf2eb9f65736597cab0114138641b2a39a5c42b,/home/user/cellseg-robustness-diagnostic/data/raw/dsb2018/stage1_train/dae976f161fe42dc58dee87d4bf2eb9f65736597cab0114138641b2a39a5c42b/images/dae976f161fe42dc58dee87d4bf2eb9f65736597cab0114138641b2a39a5c42b.png,results/supervised/yolo_fixed_budget_train_run/weights/best.pt,0.5,0.25,512,16.931,31,30,24,6,7,0.8,0.7741935483870968,0.7868852459016393,0.7859057867588523,0.8761698892383322,-1,1
val,db45946a4412a2137674ec075b6892ccd682b77826aba618210569bbc65cf2b0,/home/user/cellseg-robustness-diagnostic/data/raw/dsb2018/stage1_train/db45946a4412a2137674ec075b6892ccd682b77826aba618210569bbc65cf2b0/images/db45946a4412a2137674ec075b6892ccd682b77826aba618210569bbc65cf2b0.png,results/supervised/yolo_fixed_budget_train_run/weights/best.pt,0.5,0.25,512,22.015,21,23,21,2,0,0.9130434782608695,1.0,0.9545454545454545,0.8631749977660826,0.9255673229617442,2,2
val,dbbfe08a52688d0ac8de9161cbb17cb201e3991aacab8ab8a77fe0e203a69481,/home/user/cellseg-robustness-diagnostic/data/raw/dsb2018/stage1_train/dbbfe08a52688d0ac8de9161cbb17cb201e3991aacab8ab8a77fe0e203a69481/images/dbbfe08a52688d0ac8de9161cbb17cb201e3991aacab8ab8a77fe0e203a69481.png,results/supervised/yolo_fixed_budget_train_run/weights/best.pt,0.5,0.25,512,22.03,38,47,26,21,12,0.5531914893617021,0.6842105263157895,0.611764705882353,0.6497531807757393,0.7834166646520541,9,9
val,dbe5ad05b6f87018159a3228c1d1725892a1bfb9fa9f8fcc2e8bfe70d69d0355,/home/user/cellseg-robustness-diagnostic/data/raw/dsb2018/stage1_train/dbe5ad05b6f87018159a3228c1d1725892a1bfb9fa9f8fcc2e8bfe70d69d0355/images/dbe5ad05b6f87018159a3228c1d1725892a1bfb9fa9f8fcc2e8bfe70d69d0355.png,results/supervised/yolo_fixed_budget_train_run/weights/best.pt,0.5,0.25,512,17.204,17,18,16,2,1,0.8888888888888888,0.9411764705882353,0.9142857142857143,0.9199398965144534,0.9581730893060856,1,1
val,dd54adb80393de7769b9853c0aa2ee9b240905d0e99c59d4ccd99401f327aa05,/home/user/cellseg-robustness-diagnostic/data/raw/dsb2018/stage1_train/dd54adb80393de7769b9853c0aa2ee9b240905d0e99c59d4ccd99401f327aa05/images/dd54adb80393de7769b9853c0aa2ee9b240905d0e99c59d4ccd99401f327aa05.png,results/supervised/yolo_fixed_budget_train_run/weights/best.pt,0.5,0.25,512,40.757,141,141,133,8,8,0.9432624113475178,0.9432624113475178,0.9432624113475178,0.8378937730568102,0.909984013522093,0,0
val,ddf1bf458312de2895dd9cc5ce7ec9d334ad54c35edc96ad6001d20b1d8588d8,/home/user/cellseg-robustness-diagnostic/data/raw/dsb2018/stage1_train/ddf1bf458312de2895dd9cc5ce7ec9d334ad54c35edc96ad6001d20b1d8588d8/images/ddf1bf458312de2895dd9cc5ce7ec9d334ad54c35edc96ad6001d20b1d8588d8.png,results/supervised/yolo_fixed_budget_train_run/weights/best.pt,0.5,0.25,512,16.915,30,32,21,11,9,0.65625,0.7,0.6774193548387096,0.7209165929657149,0.8335980820005818,2,2
val,dec1764c00e8b3c4bf1fc7a2fda341279218ff894186b0c2664128348683c757,/home/user/cellseg-robustness-diagnostic/data/raw/dsb2018/stage1_train/dec1764c00e8b3c4bf1fc7a2fda341279218ff894186b0c2664128348683c757/images/dec1764c00e8b3c4bf1fc7a2fda341279218ff894186b0c2664128348683c757.png,results/supervised/yolo_fixed_budget_train_run/weights/best.pt,0.5,0.25,512,17.273,21,20,16,4,5,0.8,0.7619047619047619,0.7804878048780488,0.9049543912264346,0.9479533023585243,-1,1
val,df33b11184427e05c8a450f921586685975fe975f57315e686a0f26fddb93db1,/home/user/cellseg-robustness-diagnostic/data/raw/dsb2018/stage1_train/df33b11184427e05c8a450f921586685975fe975f57315e686a0f26fddb93db1/images/df33b11184427e05c8a450f921586685975fe975f57315e686a0f26fddb93db1.png,results/supervised/yolo_fixed_budget_train_run/weights/best.pt,0.5,0.25,512,18.721,47,56,40,16,7,0.7142857142857143,0.851063829787234,0.7766990291262136,0.7759354382373158,0.870051190159263,9,9
val,df53d0b6c2c4e45d759b2c474011e2b2b32552cd100ca4b22388ab9ca1750ee2,/home/user/cellseg-robustness-diagnostic/data/raw/dsb2018/stage1_train/df53d0b6c2c4e45d759b2c474011e2b2b32552cd100ca4b22388ab9ca1750ee2/images/df53d0b6c2c4e45d759b2c474011e2b2b32552cd100ca4b22388ab9ca1750ee2.png,results/supervised/yolo_fixed_budget_train_run/weights/best.pt,0.5,0.25,512,22.188,80,78,63,15,17,0.8076923076923077,0.7875,0.7974683544303798,0.8017287424239603,0.8872280641047883,-2,2
val,df5cdd0ebe1bdf8dc870bc294b8f08961e083bc7f9be69e268454aa9091808b9,/home/user/cellseg-robustness-diagnostic/data/raw/dsb2018/stage1_train/df5cdd0ebe1bdf8dc870bc294b8f08961e083bc7f9be69e268454aa9091808b9/images/df5cdd0ebe1bdf8dc870bc294b8f08961e083bc7f9be69e268454aa9091808b9.png,results/supervised/yolo_fixed_budget_train_run/weights/best.pt,0.5,0.25,512,25.612,22,20,19,1,3,0.95,0.8636363636363636,0.9047619047619048,0.8542108630559663,0.9199228595729505,-2,2
val,df9a4212ecb67bb4e58eba62f293b91f9d6f1dde73e38fa891c75661d419fc97,/home/user/cellseg-robustness-diagnostic/data/raw/dsb2018/stage1_train/df9a4212ecb67bb4e58eba62f293b91f9d6f1dde73e38fa891c75661d419fc97/images/df9a4212ecb67bb4e58eba62f293b91f9d6f1dde73e38fa891c75661d419fc97.png,results/supervised/yolo_fixed_budget_train_run/weights/best.pt,0.5,0.25,512,18.697,26,27,26,1,0,0.9629629629629629,1.0,0.9811320754716981,0.9051540538303761,0.9495249793845192,1,1
val,e1bcb583985325d0ef5f3ef52957d0371c96d4af767b13e48102bca9d5351a9b,/home/user/cellseg-robustness-diagnostic/data/raw/dsb2018/stage1_train/e1bcb583985325d0ef5f3ef52957d0371c96d4af767b13e48102bca9d5351a9b/images/e1bcb583985325d0ef5f3ef52957d0371c96d4af767b13e48102bca9d5351a9b.png,results/supervised/yolo_fixed_budget_train_run/weights/best.pt,0.5,0.25,512,14.965,6,8,3,5,3,0.375,0.5,0.42857142857142855,0.7678208900176863,0.8666705912740462,2,2
val,e216ec5063d3562b793e434c491051bd8867f6c2e571e41137c7c560cc0e6a03,/home/user/cellseg-robustness-diagnostic/data/raw/dsb2018/stage1_train/e216ec5063d3562b793e434c491051bd8867f6c2e571e41137c7c560cc0e6a03/images/e216ec5063d3562b793e434c491051bd8867f6c2e571e41137c7c560cc0e6a03.png,results/supervised/yolo_fixed_budget_train_run/weights/best.pt,0.5,0.25,512,16.074,21,22,16,6,5,0.7272727272727273,0.7619047619047619,0.7441860465116279,0.7806212445656167,0.8735215242301293,1,1
val,e23e11414ee645b51081fb202d38b793f0c8ef2940f8228ded384899d21b02c2,/home/user/cellseg-robustness-diagnostic/data/raw/dsb2018/stage1_train/e23e11414ee645b51081fb202d38b793f0c8ef2940f8228ded384899d21b02c2/images/e23e11414ee645b51081fb202d38b793f0c8ef2940f8228ded384899d21b02c2.png,results/supervised/yolo_fixed_budget_train_run/weights/best.pt,0.5,0.25,512,55.418,199,232,185,47,14,0.7974137931034483,0.9296482412060302,0.8584686774941995,0.7835572981245859,0.8757853800130275,33,33
val,e2d22d3d283915df8350d039278e314a23e6e8f2b41bdfc16df849e22dd13b36,/home/user/cellseg-robustness-diagnostic/data/raw/dsb2018/stage1_train/e2d22d3d283915df8350d039278e314a23e6e8f2b41bdfc16df849e22dd13b36/images/e2d22d3d283915df8350d039278e314a23e6e8f2b41bdfc16df849e22dd13b36.png,results/supervised/yolo_fixed_budget_train_run/weights/best.pt,0.5,0.25,512,73.677,42,45,41,4,1,0.9111111111111111,0.9761904761904762,0.9425287356321839,0.8693830829600254,0.9295539398444995,3,3
val,e321cfa987e77c21373a0f8b1236c83d6636306949a82a7f5b07fc0838e7777f,/home/user/cellseg-robustness-diagnostic/data/raw/dsb2018/stage1_train/e321cfa987e77c21373a0f8b1236c83d6636306949a82a7f5b07fc0838e7777f/images/e321cfa987e77c21373a0f8b1236c83d6636306949a82a7f5b07fc0838e7777f.png,results/supervised/yolo_fixed_budget_train_run/weights/best.pt,0.5,0.25,512,63.306,15,18,10,8,5,0.5555555555555556,0.6666666666666666,0.606060606060606,0.6488773771908359,0.7823837083126948,3,3
val,e414b54f2036bcab61b9c0a966f65adf4b169097c13c740e03d6292ac076258c,/home/user/cellseg-robustness-diagnostic/data/raw/dsb2018/stage1_train/e414b54f2036bcab61b9c0a966f65adf4b169097c13c740e03d6292ac076258c/images/e414b54f2036bcab61b9c0a966f65adf4b169097c13c740e03d6292ac076258c.png,results/supervised/yolo_fixed_budget_train_run/weights/best.pt,0.5,0.25,512,92.881,63,82,53,29,10,0.6463414634146342,0.8412698412698413,0.7310344827586207,0.805083888109154,0.8890465757614953,19,19
val,e4537e7893e631f3ba6ae5b1023e24b233c78249a31c2f5e561f6c4cad88fcf6,/home/user/cellseg-robustness-diagnostic/data/raw/dsb2018/stage1_train/e4537e7893e631f3ba6ae5b1023e24b233c78249a31c2f5e561f6c4cad88fcf6/images/e4537e7893e631f3ba6ae5b1023e24b233c78249a31c2f5e561f6c4cad88fcf6.png,results/supervised/yolo_fixed_budget_train_run/weights/best.pt,0.5,0.25,512,49.498,21,19,19,0,2,1.0,0.9047619047619048,0.9500000000000001,0.8993069686675892,0.9464245656939979,-2,2
val,e49fc2b4f1f39d481a6525225ab3f688be5c87f56884456ad54c953315efae83,/home/user/cellseg-robustness-diagnostic/data/raw/dsb2018/stage1_train/e49fc2b4f1f39d481a6525225ab3f688be5c87f56884456ad54c953315efae83/images/e49fc2b4f1f39d481a6525225ab3f688be5c87f56884456ad54c953315efae83.png,results/supervised/yolo_fixed_budget_train_run/weights/best.pt,0.5,0.25,512,89.879,69,80,48,32,21,0.6,0.6956521739130435,0.6442953020134228,0.7702919573818727,0.8655461605697924,11,11
val,e4ae1ceddb279bac30273ca7ac480025ce2e7287328f5272234b5bbca6d13135,/home/user/cellseg-robustness-diagnostic/data/raw/dsb2018/stage1_train/e4ae1ceddb279bac30273ca7ac480025ce2e7287328f5272234b5bbca6d13135/images/e4ae1ceddb279bac30273ca7ac480025ce2e7287328f5272234b5bbca6d13135.png,results/supervised/yolo_fixed_budget_train_run/weights/best.pt,0.5,0.25,512,61.883,16,18,16,2,0,0.8888888888888888,1.0,0.9411764705882353,0.8675210751287885,0.9275531545913802,2,2
val,e4fc936ba57a936aaa5941ccc70946ab18fcebcb6e8d85a097c584aff9ca4d88,/home/user/cellseg-robustness-diagnostic/data/raw/dsb2018/stage1_train/e4fc936ba57a936aaa5941ccc70946ab18fcebcb6e8d85a097c584aff9ca4d88/images/e4fc936ba57a936aaa5941ccc70946ab18fcebcb6e8d85a097c584aff9ca4d88.png,results/supervised/yolo_fixed_budget_train_run/weights/best.pt,0.5,0.25,512,54.755,29,30,29,1,0,0.9666666666666667,1.0,0.983050847457627,0.875736739105215,0.9316726939275943,1,1
val,e50ac10d1dce6496d092d966784ed3795969128ca0bc58199a36d558ed529203,/home/user/cellseg-robustness-diagnostic/data/raw/dsb2018/stage1_train/e50ac10d1dce6496d092d966784ed3795969128ca0bc58199a36d558ed529203/images/e50ac10d1dce6496d092d966784ed3795969128ca0bc58199a36d558ed529203.png,results/supervised/yolo_fixed_budget_train_run/weights/best.pt,0.5,0.25,512,80.044,67,74,59,15,8,0.7972972972972973,0.8805970149253731,0.8368794326241135,0.7484463652109037,0.8523268604878196,7,7
val,e52960d31f8bddf85400259beb4521383f5ceface1080be3429f2f926cc9b5c2,/home/user/cellseg-robustness-diagnostic/data/raw/dsb2018/stage1_train/e52960d31f8bddf85400259beb4521383f5ceface1080be3429f2f926cc9b5c2/images/e52960d31f8bddf85400259beb4521383f5ceface1080be3429f2f926cc9b5c2.png,results/supervised/yolo_fixed_budget_train_run/weights/best.pt,0.5,0.25,512,236.112,130,140,128,12,2,0.9142857142857143,0.9846153846153847,0.9481481481481482,0.8485064072644708,0.9170114242232319,10,10
val,e5384c905e9879cb6e8ff5250fb03155bc1db035d8dde458eece9078b7de8ff1,/home/user/cellseg-robustness-diagnostic/data/raw/dsb2018/stage1_train/e5384c905e9879cb6e8ff5250fb03155bc1db035d8dde458eece9078b7de8ff1/images/e5384c905e9879cb6e8ff5250fb03155bc1db035d8dde458eece9078b7de8ff1.png,results/supervised/yolo_fixed_budget_train_run/weights/best.pt,0.5,0.25,512,85.834,28,29,26,3,2,0.896551724137931,0.9285714285714286,0.912280701754386,0.9242435540269704,0.9603300856645028,1,1
val,e5a6c5e01e6a4ef676a2d975374e995dd55792ea317a8e110bebc37da83a4ce8,/home/user/cellseg-robustness-diagnostic/data/raw/dsb2018/stage1_train/e5a6c5e01e6a4ef676a2d975374e995dd55792ea317a8e110bebc37da83a4ce8/images/e5a6c5e01e6a4ef676a2d975374e995dd55792ea317a8e110bebc37da83a4ce8.png,results/supervised/yolo_fixed_budget_train_run/weights/best.pt,0.5,0.25,512,104.39,26,33,25,8,1,0.7575757575757576,0.9615384615384616,0.8474576271186441,0.7618058503442593,0.8621457833733273,7,7
val,e5a7b8a9924b26b3abf039255a8a3bb00258f4966f68ff3349560b4350af9367,/home/user/cellseg-robustness-diagnostic/data/raw/dsb2018/stage1_train/e5a7b8a9924b26b3abf039255a8a3bb00258f4966f68ff3349560b4350af9367/images/e5a7b8a9924b26b3abf039255a8a3bb00258f4966f68ff3349560b4350af9367.png,results/supervised/yolo_fixed_budget_train_run/weights/best.pt,0.5,0.25,512,71.892,20,19,19,0,1,1.0,0.95,0.9743589743589743,0.8913602227478057,0.9385975841228018,-1,1
val,e5aeb5b3577abbebe8982b5dd7d22c4257250ad3000661a42f38bf9248d291fd,/home/user/cellseg-robustness-diagnostic/data/raw/dsb2018/stage1_train/e5aeb5b3577abbebe8982b5dd7d22c4257250ad3000661a42f38bf9248d291fd/images/e5aeb5b3577abbebe8982b5dd7d22c4257250ad3000661a42f38bf9248d291fd.png,results/supervised/yolo_fixed_budget_train_run/weights/best.pt,0.5,0.25,512,51.094,2,4,2,2,0,0.5,1.0,0.6666666666666666,0.8480099903319368,0.9177106188218086,2,2
val,e5f8ad0f0a43af8ca57e31e16800108abdfb44a7e962a71d246f72d2dbde42bf,/home/user/cellseg-robustness-diagnostic/data/raw/dsb2018/stage1_train/e5f8ad0f0a43af8ca57e31e16800108abdfb44a7e962a71d246f72d2dbde42bf/images/e5f8ad0f0a43af8ca57e31e16800108abdfb44a7e962a71d246f72d2dbde42bf.png,results/supervised/yolo_fixed_budget_train_run/weights/best.pt,0.5,0.25,512,47.888,6,6,6,0,0,1.0,1.0,1.0,0.9095903442285357,0.9525988274584982,0,0
val,e66a97b2c77f3d66a7d3cebbc6a36c8c6259368a397f7b67647ed80ad53aa776,/home/user/cellseg-robustness-diagnostic/data/raw/dsb2018/stage1_train/e66a97b2c77f3d66a7d3cebbc6a36c8c6259368a397f7b67647ed80ad53aa776/images/e66a97b2c77f3d66a7d3cebbc6a36c8c6259368a397f7b67647ed80ad53aa776.png,results/supervised/yolo_fixed_budget_train_run/weights/best.pt,0.5,0.25,512,52.17,11,11,10,1,1,0.9090909090909091,0.9090909090909091,0.9090909090909091,0.8314586684788644,0.904675300684801,0,0
val,e66f25e175abab08ecb4e5f6859db64a211e0ddffb262d7e727b9d9bd4aad2d2,/home/user/cellseg-robustness-diagnostic/data/raw/dsb2018/stage1_train/e66f25e175abab08ecb4e5f6859db64a211e0ddffb262d7e727b9d9bd4aad2d2/images/e66f25e175abab08ecb4e5f6859db64a211e0ddffb262d7e727b9d9bd4aad2d2.png,results/supervised/yolo_fixed_budget_train_run/weights/best.pt,0.5,0.25,512,57.096,11,11,11,0,0,1.0,1.0,1.0,0.8262161608963933,0.9020388776032003,0,0
val,e7a3a7c99483c243742b6cfa74e81cd48f126dcef004016ad0151df6c16a6243,/home/user/cellseg-robustness-diagnostic/data/raw/dsb2018/stage1_train/e7a3a7c99483c243742b6cfa74e81cd48f126dcef004016ad0151df6c16a6243/images/e7a3a7c99483c243742b6cfa74e81cd48f126dcef004016ad0151df6c16a6243.png,results/supervised/yolo_fixed_budget_train_run/weights/best.pt,0.5,0.25,512,216.569,150,160,144,16,6,0.9,0.96,0.9290322580645162,0.8286865505176547,0.9046314202834016,10,10
val,e81c758e1ca177b0942ecad62cf8d321ffc315376135bcbed3df932a6e5b40c0,/home/user/cellseg-robustness-diagnostic/data/raw/dsb2018/stage1_train/e81c758e1ca177b0942ecad62cf8d321ffc315376135bcbed3df932a6e5b40c0/images/e81c758e1ca177b0942ecad62cf8d321ffc315376135bcbed3df932a6e5b40c0.png,results/supervised/yolo_fixed_budget_train_run/weights/best.pt,0.5,0.25,512,110.866,47,59,36,23,11,0.6101694915254238,0.7659574468085106,0.679245283018868,0.7303155075253982,0.8393337951340061,12,12
val,e856511ac1c34d24320eb7c56c05a4a3340d06667b4f5b8e8df615d415c7f650,/home/user/cellseg-robustness-diagnostic/data/raw/dsb2018/stage1_train/e856511ac1c34d24320eb7c56c05a4a3340d06667b4f5b8e8df615d415c7f650/images/e856511ac1c34d24320eb7c56c05a4a3340d06667b4f5b8e8df615d415c7f650.png,results/supervised/yolo_fixed_budget_train_run/weights/best.pt,0.5,0.25,512,64.217,27,38,25,13,2,0.6578947368421053,0.9259259259259259,0.7692307692307692,0.7801296939051455,0.8724941695803083,11,11
val,e9b8ad127f2163438b6236c74938f43d7b4863aaf39a16367f4af59bfd96597b,/home/user/cellseg-robustness-diagnostic/data/raw/dsb2018/stage1_train/e9b8ad127f2163438b6236c74938f43d7b4863aaf39a16367f4af59bfd96597b/images/e9b8ad127f2163438b6236c74938f43d7b4863aaf39a16367f4af59bfd96597b.png,results/supervised/yolo_fixed_budget_train_run/weights/best.pt,0.5,0.25,512,51.851,12,13,12,1,0,0.9230769230769231,1.0,0.9600000000000001,0.8000038208994752,0.8845512279475957,1,1
val,ea00f5a91ca75e745d675201cc62d7db266f8e2787033e15a7dd5f1cc5c0ad72,/home/user/cellseg-robustness-diagnostic/data/raw/dsb2018/stage1_train/ea00f5a91ca75e745d675201cc62d7db266f8e2787033e15a7dd5f1cc5c0ad72/images/ea00f5a91ca75e745d675201cc62d7db266f8e2787033e15a7dd5f1cc5c0ad72.png,results/supervised/yolo_fixed_budget_train_run/weights/best.pt,0.5,0.25,512,66.48,40,41,40,1,0,0.975609756097561,1.0,0.9876543209876543,0.8612187704473365,0.9238332124952787,1,1
val,ea94ba4b01d1bd5f7768d10e0ac547743791033df545c71fcec442d0cb5cb5e7,/home/user/cellseg-robustness-diagnostic/data/raw/dsb2018/stage1_train/ea94ba4b01d1bd5f7768d10e0ac547743791033df545c71fcec442d0cb5cb5e7/images/ea94ba4b01d1bd5f7768d10e0ac547743791033df545c71fcec442d0cb5cb5e7.png,results/supervised/yolo_fixed_budget_train_run/weights/best.pt,0.5,0.25,512,82.05,42,50,34,16,8,0.68,0.8095238095238095,0.7391304347826089,0.7749018523182134,0.8684650313275181,8,8
val,ead9464a50a17f74bf1b6471d94ecce8d887cf518c8fedc6c6048eb948bc4e49,/home/user/cellseg-robustness-diagnostic/data/raw/dsb2018/stage1_train/ead9464a50a17f74bf1b6471d94ecce8d887cf518c8fedc6c6048eb948bc4e49/images/ead9464a50a17f74bf1b6471d94ecce8d887cf518c8fedc6c6048eb948bc4e49.png,results/supervised/yolo_fixed_budget_train_run/weights/best.pt,0.5,0.25,512,54.027,6,6,6,0,0,1.0,1.0,1.0,0.9097664604041253,0.9527433480820093,0,0
val,eb1df8ed879d04b36980b0958a0e8fc446ad08c0bdcf3b5f42e3db023187c7e5,/home/user/cellseg-robustness-diagnostic/data/raw/dsb2018/stage1_train/eb1df8ed879d04b36980b0958a0e8fc446ad08c0bdcf3b5f42e3db023187c7e5/images/eb1df8ed879d04b36980b0958a0e8fc446ad08c0bdcf3b5f42e3db023187c7e5.png,results/supervised/yolo_fixed_budget_train_run/weights/best.pt,0.5,0.25,512,99.632,59,70,50,20,9,0.7142857142857143,0.847457627118644,0.7751937984496123,0.8023823446658017,0.8864998225856111,11,11
val,eb96fc6cbf6880bf05c4309857ae33844a4bc2152e228eff31024e5265cf9fc3,/home/user/cellseg-robustness-diagnostic/data/raw/dsb2018/stage1_train/eb96fc6cbf6880bf05c4309857ae33844a4bc2152e228eff31024e5265cf9fc3/images/eb96fc6cbf6880bf05c4309857ae33844a4bc2152e228eff31024e5265cf9fc3.png,results/supervised/yolo_fixed_budget_train_run/weights/best.pt,0.5,0.25,512,66.733,8,8,8,0,0,1.0,1.0,1.0,0.872780751056258,0.9308347327389415,0,0
val,ebc18868864ad075548cc1784f4f9a237bb98335f9645ee727dac8332a3e3716,/home/user/cellseg-robustness-diagnostic/data/raw/dsb2018/stage1_train/ebc18868864ad075548cc1784f4f9a237bb98335f9645ee727dac8332a3e3716/images/ebc18868864ad075548cc1784f4f9a237bb98335f9645ee727dac8332a3e3716.png,results/supervised/yolo_fixed_budget_train_run/weights/best.pt,0.5,0.25,512,68.456,19,22,15,7,4,0.6818181818181818,0.7894736842105263,0.7317073170731707,0.8156493685675279,0.893612272395157,3,3
val,ec031f176dafe0b36547068ce42eab39428ec7995dac1b3ea52d1db79b61fdeb,/home/user/cellseg-robustness-diagnostic/data/raw/dsb2018/stage1_train/ec031f176dafe0b36547068ce42eab39428ec7995dac1b3ea52d1db79b61fdeb/images/ec031f176dafe0b36547068ce42eab39428ec7995dac1b3ea52d1db79b61fdeb.png,results/supervised/yolo_fixed_budget_train_run/weights/best.pt,0.5,0.25,512,57.645,9,9,9,0,0,1.0,1.0,1.0,0.8730279826310693,0.9319982316285613,0,0
val,ec486143ecfec847c22cd8cbc207d85312bcf38e61c9b9a805e0d12add62da8d,/home/user/cellseg-robustness-diagnostic/data/raw/dsb2018/stage1_train/ec486143ecfec847c22cd8cbc207d85312bcf38e61c9b9a805e0d12add62da8d/images/ec486143ecfec847c22cd8cbc207d85312bcf38e61c9b9a805e0d12add62da8d.png,results/supervised/yolo_fixed_budget_train_run/weights/best.pt,0.5,0.25,512,51.627,11,13,11,2,0,0.8461538461538461,1.0,0.9166666666666666,0.8336687140555913,0.9076434952370082,2,2
val,ecb36c90cdd20245d89173c106f3c6a2d124d07bdea0ae202fb1efa49b0cd169,/home/user/cellseg-robustness-diagnostic/data/raw/dsb2018/stage1_train/ecb36c90cdd20245d89173c106f3c6a2d124d07bdea0ae202fb1efa49b0cd169/images/ecb36c90cdd20245d89173c106f3c6a2d124d07bdea0ae202fb1efa49b0cd169.png,results/supervised/yolo_fixed_budget_train_run/weights/best.pt,0.5,0.25,512,203.782,120,122,116,6,4,0.9508196721311475,0.9666666666666667,0.9586776859504132,0.8571595909073486,0.921998201452285,2,2
val,ed4b8e0d756836be7acb2e2b7799c473b52424e3092a71d3c6d23558e500dc4c,/home/user/cellseg-robustness-diagnostic/data/raw/dsb2018/stage1_train/ed4b8e0d756836be7acb2e2b7799c473b52424e3092a71d3c6d23558e500dc4c/images/ed4b8e0d756836be7acb2e2b7799c473b52424e3092a71d3c6d23558e500dc4c.png,results/supervised/yolo_fixed_budget_train_run/weights/best.pt,0.5,0.25,512,132.837,76,85,76,9,0,0.8941176470588236,1.0,0.9440993788819877,0.8295211269884972,0.9045981045125283,9,9
val,ed5be4b63e9506ad64660dd92a098ffcc0325195298c13c815a73773f1efc279,/home/user/cellseg-robustness-diagnostic/data/raw/dsb2018/stage1_train/ed5be4b63e9506ad64660dd92a098ffcc0325195298c13c815a73773f1efc279/images/ed5be4b63e9506ad64660dd92a098ffcc0325195298c13c815a73773f1efc279.png,results/supervised/yolo_fixed_budget_train_run/weights/best.pt,0.5,0.25,512,83.26,42,55,36,19,6,0.6545454545454545,0.8571428571428571,0.7422680412371134,0.7872798671896576,0.8784093280718707,13,13
val,ed8c31b001a0c23c33402f94a5ee6b0209e0c6419eb52d5d02255513e3a672fc,/home/user/cellseg-robustness-diagnostic/data/raw/dsb2018/stage1_train/ed8c31b001a0c23c33402f94a5ee6b0209e0c6419eb52d5d02255513e3a672fc/images/ed8c31b001a0c23c33402f94a5ee6b0209e0c6419eb52d5d02255513e3a672fc.png,results/supervised/yolo_fixed_budget_train_run/weights/best.pt,0.5,0.25,512,110.239,91,94,84,10,7,0.8936170212765957,0.9230769230769231,0.908108108108108,0.76161202144739,0.8615634106912299,3,3
val,edd36ed822e7ed760ff73e0524df22aa5bf5c565efcdc6c39603239c0896e7a8,/home/user/cellseg-robustness-diagnostic/data/raw/dsb2018/stage1_train/edd36ed822e7ed760ff73e0524df22aa5bf5c565efcdc6c39603239c0896e7a8/images/edd36ed822e7ed760ff73e0524df22aa5bf5c565efcdc6c39603239c0896e7a8.png,results/supervised/yolo_fixed_budget_train_run/weights/best.pt,0.5,0.25,512,86.845,49,55,43,12,6,0.7818181818181819,0.8775510204081632,0.8269230769230769,0.7562084543194737,0.857243669545484,6,6
val,ee927e8255096971ddae1bd975cf80c4ad7c847c82d0b5f5dd2ddfe5407007ee,/home/user/cellseg-robustness-diagnostic/data/raw/dsb2018/stage1_train/ee927e8255096971ddae1bd975cf80c4ad7c847c82d0b5f5dd2ddfe5407007ee/images/ee927e8255096971ddae1bd975cf80c4ad7c847c82d0b5f5dd2ddfe5407007ee.png,results/supervised/yolo_fixed_budget_train_run/weights/best.pt,0.5,0.25,512,139.633,65,56,50,6,15,0.8928571428571429,0.7692307692307693,0.8264462809917357,0.7606365385062532,0.8618720902209014,-9,9
val,eeb142344e9de3250ab748f93940bf06be70d5078337680998468a134a101698,/home/user/cellseg-robustness-diagnostic/data/raw/dsb2018/stage1_train/eeb142344e9de3250ab748f93940bf06be70d5078337680998468a134a101698/images/eeb142344e9de3250ab748f93940bf06be70d5078337680998468a134a101698.png,results/supervised/yolo_fixed_budget_train_run/weights/best.pt,0.5,0.25,512,148.298,50,52,45,7,5,0.8653846153846154,0.9,0.8823529411764707,0.7545634240721607,0.8569598980301055,2,2
val,ef3ef194e5657fda708ecbd3eb6530286ed2ba23c88efb9f1715298975c73548,/home/user/cellseg-robustness-diagnostic/data/raw/dsb2018/stage1_train/ef3ef194e5657fda708ecbd3eb6530286ed2ba23c88efb9f1715298975c73548/images/ef3ef194e5657fda708ecbd3eb6530286ed2ba23c88efb9f1715298975c73548.png,results/supervised/yolo_fixed_budget_train_run/weights/best.pt,0.5,0.25,512,217.228,75,116,64,52,11,0.5517241379310345,0.8533333333333334,0.6701570680628273,0.7658216671074737,0.8625774605756991,41,41
val,ef6634efb46567d87b811be786b18c4cd0e2cda23d79b65d6afe0d259ef3ade6,/home/user/cellseg-robustness-diagnostic/data/raw/dsb2018/stage1_train/ef6634efb46567d87b811be786b18c4cd0e2cda23d79b65d6afe0d259ef3ade6/images/ef6634efb46567d87b811be786b18c4cd0e2cda23d79b65d6afe0d259ef3ade6.png,results/supervised/yolo_fixed_budget_train_run/weights/best.pt,0.5,0.25,512,117.346,32,38,30,8,2,0.7894736842105263,0.9375,0.8571428571428572,0.7780615538542731,0.8691242977916633,6,6
val,f01a9742c43a69f087700a43893f713878e537bae8e44f76b957f09519601ad6,/home/user/cellseg-robustness-diagnostic/data/raw/dsb2018/stage1_train/f01a9742c43a69f087700a43893f713878e537bae8e44f76b957f09519601ad6/images/f01a9742c43a69f087700a43893f713878e537bae8e44f76b957f09519601ad6.png,results/supervised/yolo_fixed_budget_train_run/weights/best.pt,0.5,0.25,512,170.198,28,28,28,0,0,1.0,1.0,1.0,0.878744597653248,0.9351245597150212,0,0
val,f0a75e0322f11cead4219aa530673fe5eef67580fb6fccc254963c9fc6b58aa1,/home/user/cellseg-robustness-diagnostic/data/raw/dsb2018/stage1_train/f0a75e0322f11cead4219aa530673fe5eef67580fb6fccc254963c9fc6b58aa1/images/f0a75e0322f11cead4219aa530673fe5eef67580fb6fccc254963c9fc6b58aa1.png,results/supervised/yolo_fixed_budget_train_run/weights/best.pt,0.5,0.25,512,100.284,12,12,12,0,0,1.0,1.0,1.0,0.8551053485493861,0.9204643678413008,0,0
val,f0c9f135c62572f3669a75b2c735e4477dc77fac85e653426ee2b3bcfbed7aaf,/home/user/cellseg-robustness-diagnostic/data/raw/dsb2018/stage1_train/f0c9f135c62572f3669a75b2c735e4477dc77fac85e653426ee2b3bcfbed7aaf/images/f0c9f135c62572f3669a75b2c735e4477dc77fac85e653426ee2b3bcfbed7aaf.png,results/supervised/yolo_fixed_budget_train_run/weights/best.pt,0.5,0.25,512,97.607,24,22,20,2,4,0.9090909090909091,0.8333333333333334,0.8695652173913043,0.8957028896976847,0.9431283724729911,-2,2
val,f113626a04125d97b27f21b45a0ce9a686d73dee7b5dbc0725d49194ba0203bd,/home/user/cellseg-robustness-diagnostic/data/raw/dsb2018/stage1_train/f113626a04125d97b27f21b45a0ce9a686d73dee7b5dbc0725d49194ba0203bd/images/f113626a04125d97b27f21b45a0ce9a686d73dee7b5dbc0725d49194ba0203bd.png,results/supervised/yolo_fixed_budget_train_run/weights/best.pt,0.5,0.25,512,106.231,24,23,23,0,1,1.0,0.9583333333333334,0.9787234042553191,0.9357379051299352,0.966488615924414,-1,1
val,f20eb4592e7d3cf58d421a9c34832d33adcdcbd0e17b7bf009a013847608da27,/home/user/cellseg-robustness-diagnostic/data/raw/dsb2018/stage1_train/f20eb4592e7d3cf58d421a9c34832d33adcdcbd0e17b7bf009a013847608da27/images/f20eb4592e7d3cf58d421a9c34832d33adcdcbd0e17b7bf009a013847608da27.png,results/supervised/yolo_fixed_budget_train_run/weights/best.pt,0.5,0.25,512,105.71,30,31,30,1,0,0.967741935483871,1.0,0.9836065573770492,0.8626829717014612,0.9249187319235114,1,1
val,f26f4c2c70c38fe12e00d5a814d5116691f2ca548908126923fd76ddd665ed24,/home/user/cellseg-robustness-diagnostic/data/raw/dsb2018/stage1_train/f26f4c2c70c38fe12e00d5a814d5116691f2ca548908126923fd76ddd665ed24/images/f26f4c2c70c38fe12e00d5a814d5116691f2ca548908126923fd76ddd665ed24.png,results/supervised/yolo_fixed_budget_train_run/weights/best.pt,0.5,0.25,512,126.808,52,58,46,12,6,0.7931034482758621,0.8846153846153846,0.8363636363636363,0.7902562128889804,0.8814550040937704,6,6
val,f29fd9c52e04403cd2c7d43b6fe2479292e53b2f61969d25256d2d2aca7c6a81,/home/user/cellseg-robustness-diagnostic/data/raw/dsb2018/stage1_train/f29fd9c52e04403cd2c7d43b6fe2479292e53b2f61969d25256d2d2aca7c6a81/images/f29fd9c52e04403cd2c7d43b6fe2479292e53b2f61969d25256d2d2aca7c6a81.png,results/supervised/yolo_fixed_budget_train_run/weights/best.pt,0.5,0.25,512,376.28,199,132,32,100,167,0.24242424242424243,0.16080402010050251,0.1933534743202417,0.6090271607360234,0.7548592722972083,-67,67
val,f35ab34528e3e2d2589d24cbffc0e10024dfc474a68585d0b5feb7b05aa0067f,/home/user/cellseg-robustness-diagnostic/data/raw/dsb2018/stage1_train/f35ab34528e3e2d2589d24cbffc0e10024dfc474a68585d0b5feb7b05aa0067f/images/f35ab34528e3e2d2589d24cbffc0e10024dfc474a68585d0b5feb7b05aa0067f.png,results/supervised/yolo_fixed_budget_train_run/weights/best.pt,0.5,0.25,512,14.512,9,9,9,0,0,1.0,1.0,1.0,0.8657680101335877,0.9276814849225475,0,0
val,f43169e3d8b4f71e687945b9e72cbfdfe2e40e68842568e6a30c60d64c1378b6,/home/user/cellseg-robustness-diagnostic/data/raw/dsb2018/stage1_train/f43169e3d8b4f71e687945b9e72cbfdfe2e40e68842568e6a30c60d64c1378b6/images/f43169e3d8b4f71e687945b9e72cbfdfe2e40e68842568e6a30c60d64c1378b6.png,results/supervised/yolo_fixed_budget_train_run/weights/best.pt,0.5,0.25,512,14.47,18,19,18,1,0,0.9473684210526315,1.0,0.972972972972973,0.8869912105441102,0.9398341398675265,1,1
val,f487cc82271cf84b4414552aa8b0a9d82d902451ebe8e8bc639d4121c1672ff7,/home/user/cellseg-robustness-diagnostic/data/raw/dsb2018/stage1_train/f487cc82271cf84b4414552aa8b0a9d82d902451ebe8e8bc639d4121c1672ff7/images/f487cc82271cf84b4414552aa8b0a9d82d902451ebe8e8bc639d4121c1672ff7.png,results/supervised/yolo_fixed_budget_train_run/weights/best.pt,0.5,0.25,512,18.678,47,56,40,16,7,0.7142857142857143,0.851063829787234,0.7766990291262136,0.6316739342649118,0.7711381498993383,9,9
val,f4b7c24baf69b8752c49d0eb5db4b7b5e1524945d48e54925bff401d5658045d,/home/user/cellseg-robustness-diagnostic/data/raw/dsb2018/stage1_train/f4b7c24baf69b8752c49d0eb5db4b7b5e1524945d48e54925bff401d5658045d/images/f4b7c24baf69b8752c49d0eb5db4b7b5e1524945d48e54925bff401d5658045d.png,results/supervised/yolo_fixed_budget_train_run/weights/best.pt,0.5,0.25,512,17.282,9,12,8,4,1,0.6666666666666666,0.8888888888888888,0.761904761904762,0.8140665782299754,0.8955993544477734,3,3
val,f4c4db3df4ff0de90f44b027fc2e28c16bf7e5c75ea75b0a9762bbb7ac86e7a3,/home/user/cellseg-robustness-diagnostic/data/raw/dsb2018/stage1_train/f4c4db3df4ff0de90f44b027fc2e28c16bf7e5c75ea75b0a9762bbb7ac86e7a3/images/f4c4db3df4ff0de90f44b027fc2e28c16bf7e5c75ea75b0a9762bbb7ac86e7a3.png,results/supervised/yolo_fixed_budget_train_run/weights/best.pt,0.5,0.25,512,24.44,68,18,7,11,61,0.3888888888888889,0.10294117647058823,0.1627906976744186,0.6108729667648417,0.7553565308413752,-50,50
val,f4faa3a409014db1865074c5f66a0255f71ae3faba03265da0b3b91f68e8a8f0,/home/user/cellseg-robustness-diagnostic/data/raw/dsb2018/stage1_train/f4faa3a409014db1865074c5f66a0255f71ae3faba03265da0b3b91f68e8a8f0/images/f4faa3a409014db1865074c5f66a0255f71ae3faba03265da0b3b91f68e8a8f0.png,results/supervised/yolo_fixed_budget_train_run/weights/best.pt,0.5,0.25,512,20.838,14,14,14,0,0,1.0,1.0,1.0,0.9127407441959213,0.9541922572529729,0,0
val,f534b43bf37ff946a310a0f08315d76c3fb3394681cf523acef7c0682240072a,/home/user/cellseg-robustness-diagnostic/data/raw/dsb2018/stage1_train/f534b43bf37ff946a310a0f08315d76c3fb3394681cf523acef7c0682240072a/images/f534b43bf37ff946a310a0f08315d76c3fb3394681cf523acef7c0682240072a.png,results/supervised/yolo_fixed_budget_train_run/weights/best.pt,0.5,0.25,512,15.225,18,16,15,1,3,0.9375,0.8333333333333334,0.8823529411764706,0.8768206025741743,0.9298242906144395,-2,2
val,f67e72b7fe0b1e3648ea745ffd395c80705c89b0c0c48227991fe6f5815b2a18,/home/user/cellseg-robustness-diagnostic/data/raw/dsb2018/stage1_train/f67e72b7fe0b1e3648ea745ffd395c80705c89b0c0c48227991fe6f5815b2a18/images/f67e72b7fe0b1e3648ea745ffd395c80705c89b0c0c48227991fe6f5815b2a18.png,results/supervised/yolo_fixed_budget_train_run/weights/best.pt,0.5,0.25,512,15.476,12,14,12,2,0,0.8571428571428571,1.0,0.923076923076923,0.8494309420452227,0.9146854036925145,2,2
val,f6863b83d75e5927b30e2e326405b588293283c25aaef2251b30c343296b9cb1,/home/user/cellseg-robustness-diagnostic/data/raw/dsb2018/stage1_train/f6863b83d75e5927b30e2e326405b588293283c25aaef2251b30c343296b9cb1/images/f6863b83d75e5927b30e2e326405b588293283c25aaef2251b30c343296b9cb1.png,results/supervised/yolo_fixed_budget_train_run/weights/best.pt,0.5,0.25,512,19.943,92,73,60,13,32,0.821917808219178,0.6521739130434783,0.7272727272727272,0.7138334654519439,0.8296139919838609,-19,19
val,f6b16c885c0b2bc0d0eb2bb2eeb0a2753ebafb5a7a91da10e89b0b0478984637,/home/user/cellseg-robustness-diagnostic/data/raw/dsb2018/stage1_train/f6b16c885c0b2bc0d0eb2bb2eeb0a2753ebafb5a7a91da10e89b0b0478984637/images/f6b16c885c0b2bc0d0eb2bb2eeb0a2753ebafb5a7a91da10e89b0b0478984637.png,results/supervised/yolo_fixed_budget_train_run/weights/best.pt,0.5,0.25,512,14.152,8,8,7,1,1,0.875,0.875,0.875,0.8402560773211425,0.9115234469269708,0,0
val,f6cb37ebf29c225284c8415962f7287abe7007fae8fe3d8a3899b608b832d7d5,/home/user/cellseg-robustness-diagnostic/data/raw/dsb2018/stage1_train/f6cb37ebf29c225284c8415962f7287abe7007fae8fe3d8a3899b608b832d7d5/images/f6cb37ebf29c225284c8415962f7287abe7007fae8fe3d8a3899b608b832d7d5.png,results/supervised/yolo_fixed_budget_train_run/weights/best.pt,0.5,0.25,512,16.513,17,17,17,0,0,1.0,1.0,1.0,0.9262331521261074,0.961333965901509,0,0
val,f728de04267283f0b4daab9a840e7433b2c6034baf195fd526850439c9297687,/home/user/cellseg-robustness-diagnostic/data/raw/dsb2018/stage1_train/f728de04267283f0b4daab9a840e7433b2c6034baf195fd526850439c9297687/images/f728de04267283f0b4daab9a840e7433b2c6034baf195fd526850439c9297687.png,results/supervised/yolo_fixed_budget_train_run/weights/best.pt,0.5,0.25,512,24.452,54,48,42,6,12,0.875,0.7777777777777778,0.823529411764706,0.8192074276474512,0.8977354897326002,-6,6
val,f73e37957c74f554be132986f38b6f1d75339f636dfe2b681a0cf3f88d2733af,/home/user/cellseg-robustness-diagnostic/data/raw/dsb2018/stage1_train/f73e37957c74f554be132986f38b6f1d75339f636dfe2b681a0cf3f88d2733af/images/f73e37957c74f554be132986f38b6f1d75339f636dfe2b681a0cf3f88d2733af.png,results/supervised/yolo_fixed_budget_train_run/weights/best.pt,0.5,0.25,512,18.212,37,39,30,9,7,0.7692307692307693,0.8108108108108109,0.7894736842105263,0.6527599557538518,0.7879518386003354,2,2
val,f7e5dcfc9c93183c668c5a4ab028d5faad54fb54298711f2caae0508aa978300,/home/user/cellseg-robustness-diagnostic/data/raw/dsb2018/stage1_train/f7e5dcfc9c93183c668c5a4ab028d5faad54fb54298711f2caae0508aa978300/images/f7e5dcfc9c93183c668c5a4ab028d5faad54fb54298711f2caae0508aa978300.png,results/supervised/yolo_fixed_budget_train_run/weights/best.pt,0.5,0.25,512,17.618,26,28,21,7,5,0.75,0.8076923076923077,0.7777777777777779,0.76440511807309,0.8621770465445515,2,2
val,f7eaaf420b5204c4a42577428b7cd897a53ef07b759ccbba3ed30a3548ca5605,/home/user/cellseg-robustness-diagnostic/data/raw/dsb2018/stage1_train/f7eaaf420b5204c4a42577428b7cd897a53ef07b759ccbba3ed30a3548ca5605/images/f7eaaf420b5204c4a42577428b7cd897a53ef07b759ccbba3ed30a3548ca5605.png,results/supervised/yolo_fixed_budget_train_run/weights/best.pt,0.5,0.25,512,15.536,11,12,11,1,0,0.9166666666666666,1.0,0.9565217391304348,0.883291221747531,0.9378079802840573,1,1
val,f81ca7ee25e733ff37240c34c8e3044d9937bb0166e315952ebde3f237ecb86f,/home/user/cellseg-robustness-diagnostic/data/raw/dsb2018/stage1_train/f81ca7ee25e733ff37240c34c8e3044d9937bb0166e315952ebde3f237ecb86f/images/f81ca7ee25e733ff37240c34c8e3044d9937bb0166e315952ebde3f237ecb86f.png,results/supervised/yolo_fixed_budget_train_run/weights/best.pt,0.5,0.25,512,15.33,20,20,19,1,1,0.95,0.95,0.9500000000000001,0.8530844395218694,0.9156580743651181,0,0
val,f8e74d4006dd68c1dbe68df7be905835e00d8ba4916f3b18884509a15fdc0b55,/home/user/cellseg-robustness-diagnostic/data/raw/dsb2018/stage1_train/f8e74d4006dd68c1dbe68df7be905835e00d8ba4916f3b18884509a15fdc0b55/images/f8e74d4006dd68c1dbe68df7be905835e00d8ba4916f3b18884509a15fdc0b55.png,results/supervised/yolo_fixed_budget_train_run/weights/best.pt,0.5,0.25,512,19.038,57,42,35,7,22,0.8333333333333334,0.6140350877192983,0.7070707070707071,0.6712458594045465,0.7999013938891113,-15,15
val,f93ec5e683d81005ffc2a84a1c0299b2406ad14b764b824e013f7ca3a13833b5,/home/user/cellseg-robustness-diagnostic/data/raw/dsb2018/stage1_train/f93ec5e683d81005ffc2a84a1c0299b2406ad14b764b824e013f7ca3a13833b5/images/f93ec5e683d81005ffc2a84a1c0299b2406ad14b764b824e013f7ca3a13833b5.png,results/supervised/yolo_fixed_budget_train_run/weights/best.pt,0.5,0.25,512,16.655,32,31,31,0,1,1.0,0.96875,0.9841269841269841,0.850914573009566,0.9186736523190955,-1,1
val,f952cc65376009cfad8249e53b9b2c0daaa3553e897096337d143c625c2df886,/home/user/cellseg-robustness-diagnostic/data/raw/dsb2018/stage1_train/f952cc65376009cfad8249e53b9b2c0daaa3553e897096337d143c625c2df886/images/f952cc65376009cfad8249e53b9b2c0daaa3553e897096337d143c625c2df886.png,results/supervised/yolo_fixed_budget_train_run/weights/best.pt,0.5,0.25,512,34.836,151,187,122,65,29,0.6524064171122995,0.8079470198675497,0.7218934911242604,0.6959087852784779,0.8173537884869233,36,36
val,f9ac03b0344ce8c48bc058448541f9211a1e5f4c94fdaf633dd534328d8610ab,/home/user/cellseg-robustness-diagnostic/data/raw/dsb2018/stage1_train/f9ac03b0344ce8c48bc058448541f9211a1e5f4c94fdaf633dd534328d8610ab/images/f9ac03b0344ce8c48bc058448541f9211a1e5f4c94fdaf633dd534328d8610ab.png,results/supervised/yolo_fixed_budget_train_run/weights/best.pt,0.5,0.25,512,16.328,20,22,20,2,0,0.9090909090909091,1.0,0.9523809523809523,0.8702832597962911,0.9298647714268478,2,2
val,f9ea1a1159c33f39bbe5f18bb278d961188b40508277eab7c0b4b91219b37b5d,/home/user/cellseg-robustness-diagnostic/data/raw/dsb2018/stage1_train/f9ea1a1159c33f39bbe5f18bb278d961188b40508277eab7c0b4b91219b37b5d/images/f9ea1a1159c33f39bbe5f18bb278d961188b40508277eab7c0b4b91219b37b5d.png,results/supervised/yolo_fixed_budget_train_run/weights/best.pt,0.5,0.25,512,16.745,25,22,20,2,5,0.9090909090909091,0.8,0.8510638297872342,0.8690213333937808,0.9270440529078334,-3,3
val,fa73f24532b3667718ede7ac5c2e24ad7d3cae17b0a42ed17bbb81b15c28f4ae,/home/user/cellseg-robustness-diagnostic/data/raw/dsb2018/stage1_train/fa73f24532b3667718ede7ac5c2e24ad7d3cae17b0a42ed17bbb81b15c28f4ae/images/fa73f24532b3667718ede7ac5c2e24ad7d3cae17b0a42ed17bbb81b15c28f4ae.png,results/supervised/yolo_fixed_budget_train_run/weights/best.pt,0.5,0.25,512,14.194,7,6,5,1,2,0.8333333333333334,0.7142857142857143,0.7692307692307692,0.7714834539365579,0.8697279168339325,-1,1
val,fa751ff3a6332c95cb5cb1d28563553914295e9e7d35c4b6bd267241e8a0787c,/home/user/cellseg-robustness-diagnostic/data/raw/dsb2018/stage1_train/fa751ff3a6332c95cb5cb1d28563553914295e9e7d35c4b6bd267241e8a0787c/images/fa751ff3a6332c95cb5cb1d28563553914295e9e7d35c4b6bd267241e8a0787c.png,results/supervised/yolo_fixed_budget_train_run/weights/best.pt,0.5,0.25,512,85.689,43,45,43,2,0,0.9555555555555556,1.0,0.9772727272727273,0.8347987849544559,0.9091576787866941,2,2
val,fadeb0ab092833f27daaeb3e24223eb090f9536b83f68cde8f49df7c544f711b,/home/user/cellseg-robustness-diagnostic/data/raw/dsb2018/stage1_train/fadeb0ab092833f27daaeb3e24223eb090f9536b83f68cde8f49df7c544f711b/images/fadeb0ab092833f27daaeb3e24223eb090f9536b83f68cde8f49df7c544f711b.png,results/supervised/yolo_fixed_budget_train_run/weights/best.pt,0.5,0.25,512,76.46,39,50,36,14,3,0.72,0.9230769230769231,0.8089887640449438,0.7551228498045855,0.8565547164242058,11,11
val,fc22db33a2495f58f118bc182c0087e140df14ccb8dad51373e1a54381f683de,/home/user/cellseg-robustness-diagnostic/data/raw/dsb2018/stage1_train/fc22db33a2495f58f118bc182c0087e140df14ccb8dad51373e1a54381f683de/images/fc22db33a2495f58f118bc182c0087e140df14ccb8dad51373e1a54381f683de.png,results/supervised/yolo_fixed_budget_train_run/weights/best.pt,0.5,0.25,512,143.408,89,91,84,7,5,0.9230769230769231,0.9438202247191011,0.9333333333333335,0.814201448458162,0.8967328230068193,2,2
val,fc345dac2205deb169bd70197f07f053bada80b61ffa69fdfb490758323ead69,/home/user/cellseg-robustness-diagnostic/data/raw/dsb2018/stage1_train/fc345dac2205deb169bd70197f07f053bada80b61ffa69fdfb490758323ead69/images/fc345dac2205deb169bd70197f07f053bada80b61ffa69fdfb490758323ead69.png,results/supervised/yolo_fixed_budget_train_run/weights/best.pt,0.5,0.25,512,55.599,10,11,10,1,0,0.9090909090909091,1.0,0.9523809523809523,0.8619685008971125,0.9237798284848436,1,1
val,fc5452f612a0f972fe55cc677055ede662af6723b5c1615ad539b8a4bd279bdb,/home/user/cellseg-robustness-diagnostic/data/raw/dsb2018/stage1_train/fc5452f612a0f972fe55cc677055ede662af6723b5c1615ad539b8a4bd279bdb/images/fc5452f612a0f972fe55cc677055ede662af6723b5c1615ad539b8a4bd279bdb.png,results/supervised/yolo_fixed_budget_train_run/weights/best.pt,0.5,0.25,512,65.605,32,35,27,8,5,0.7714285714285715,0.84375,0.8059701492537314,0.7888169400224422,0.878484933552047,3,3
val,fc9269fb2e651cd4a32b65ae164f79b0a2ea823e0a83508c85d7985a6bed43cf,/home/user/cellseg-robustness-diagnostic/data/raw/dsb2018/stage1_train/fc9269fb2e651cd4a32b65ae164f79b0a2ea823e0a83508c85d7985a6bed43cf/images/fc9269fb2e651cd4a32b65ae164f79b0a2ea823e0a83508c85d7985a6bed43cf.png,results/supervised/yolo_fixed_budget_train_run/weights/best.pt,0.5,0.25,512,60.725,5,6,5,1,0,0.8333333333333334,1.0,0.9090909090909091,0.8555755290797533,0.9213328741617671,1,1
val,fd8065bcb1afdbed19e028465d5d00cd2ecadc4558de05c6fa28bea3c817aa22,/home/user/cellseg-robustness-diagnostic/data/raw/dsb2018/stage1_train/fd8065bcb1afdbed19e028465d5d00cd2ecadc4558de05c6fa28bea3c817aa22/images/fd8065bcb1afdbed19e028465d5d00cd2ecadc4558de05c6fa28bea3c817aa22.png,results/supervised/yolo_fixed_budget_train_run/weights/best.pt,0.5,0.25,512,75.339,52,58,48,10,4,0.8275862068965517,0.9230769230769231,0.8727272727272727,0.8049884965627117,0.8881775714965219,6,6
val,fdda64c47361b0d1a146e5b7b48dc6b7de615ea80b31f01227a3b16469589528,/home/user/cellseg-robustness-diagnostic/data/raw/dsb2018/stage1_train/fdda64c47361b0d1a146e5b7b48dc6b7de615ea80b31f01227a3b16469589528/images/fdda64c47361b0d1a146e5b7b48dc6b7de615ea80b31f01227a3b16469589528.png,results/supervised/yolo_fixed_budget_train_run/weights/best.pt,0.5,0.25,512,75.973,30,35,23,12,7,0.6571428571428571,0.7666666666666667,0.7076923076923077,0.6080764879603501,0.7528457894344232,5,5
val,fe80a2cf3c93dafad8c364fdd1646b0ba4db056cdb7bdb81474f957064812bba,/home/user/cellseg-robustness-diagnostic/data/raw/dsb2018/stage1_train/fe80a2cf3c93dafad8c364fdd1646b0ba4db056cdb7bdb81474f957064812bba/images/fe80a2cf3c93dafad8c364fdd1646b0ba4db056cdb7bdb81474f957064812bba.png,results/supervised/yolo_fixed_budget_train_run/weights/best.pt,0.5,0.25,512,70.182,11,11,11,0,0,1.0,1.0,1.0,0.8807627221745554,0.935394645224061,0,0
val,fec226e45f49ab81ab71e0eaa1248ba09b56a328338dce93a43f4044eababed5,/home/user/cellseg-robustness-diagnostic/data/raw/dsb2018/stage1_train/fec226e45f49ab81ab71e0eaa1248ba09b56a328338dce93a43f4044eababed5/images/fec226e45f49ab81ab71e0eaa1248ba09b56a328338dce93a43f4044eababed5.png,results/supervised/yolo_fixed_budget_train_run/weights/best.pt,0.5,0.25,512,67.373,13,13,13,0,0,1.0,1.0,1.0,0.8522615998540656,0.918026475836852,0,0
val,feffce59a1a3eb0a6a05992bb7423c39c7d52865846da36d89e2a72c379e5398,/home/user/cellseg-robustness-diagnostic/data/raw/dsb2018/stage1_train/feffce59a1a3eb0a6a05992bb7423c39c7d52865846da36d89e2a72c379e5398/images/feffce59a1a3eb0a6a05992bb7423c39c7d52865846da36d89e2a72c379e5398.png,results/supervised/yolo_fixed_budget_train_run/weights/best.pt,0.5,0.25,512,86.765,38,55,30,25,8,0.5454545454545454,0.7894736842105263,0.6451612903225806,0.7831900257339492,0.8763375303074906,17,17
val,ff3407842ada5bc18be79ae453e5bdaa1b68afc842fc22fa618ac6e6599d0bb3,/home/user/cellseg-robustness-diagnostic/data/raw/dsb2018/stage1_train/ff3407842ada5bc18be79ae453e5bdaa1b68afc842fc22fa618ac6e6599d0bb3/images/ff3407842ada5bc18be79ae453e5bdaa1b68afc842fc22fa618ac6e6599d0bb3.png,results/supervised/yolo_fixed_budget_train_run/weights/best.pt,0.5,0.25,512,78.866,19,18,18,0,1,1.0,0.9473684210526315,0.972972972972973,0.8905076599874635,0.9416221023046778,-1,1
val,ff3e512b5fb860e5855d0c05b6cf5a6bcc7792e4be1f0bdab5a00af0e18435c0,/home/user/cellseg-robustness-diagnostic/data/raw/dsb2018/stage1_train/ff3e512b5fb860e5855d0c05b6cf5a6bcc7792e4be1f0bdab5a00af0e18435c0/images/ff3e512b5fb860e5855d0c05b6cf5a6bcc7792e4be1f0bdab5a00af0e18435c0.png,results/supervised/yolo_fixed_budget_train_run/weights/best.pt,0.5,0.25,512,58.595,13,11,10,1,3,0.9090909090909091,0.7692307692307693,0.8333333333333333,0.8156621185077977,0.897340507773602,-2,2
val,ff599c7301daa1f783924ac8cbe3ce7b42878f15a39c2d19659189951f540f48,/home/user/cellseg-robustness-diagnostic/data/raw/dsb2018/stage1_train/ff599c7301daa1f783924ac8cbe3ce7b42878f15a39c2d19659189951f540f48/images/ff599c7301daa1f783924ac8cbe3ce7b42878f15a39c2d19659189951f540f48.png,results/supervised/yolo_fixed_budget_train_run/weights/best.pt,0.5,0.25,512,55.49,24,24,24,0,0,1.0,1.0,1.0,0.9019689991304686,0.9458821933027597,0,0
